category,fabric,product_name,color,color_hex,limited,reverse_side,image_filename
Tablecloths and Overlays,Classic Solid,Classic Solid Apple,Apple,#7CB342,,,apple.jpg
Tablecloths and Overlays,Classic Solid,Classic Solid Aqua,Aqua,#4DD0C4,,,aquav3.jpg
Tablecloths and Overlays,Classic Solid,Classic Solid Black,Black,#20232A,,,black.jpg
Tablecloths and Overlays,Classic Solid,Classic Solid Blush,Blush,#D9AFAE,,,blushv3.jpg
Tablecloths and Overlays,Classic Solid,Classic Solid Brown,Brown,#6B4A34,,,brown.jpg
Tablecloths and Overlays,Classic Solid,Classic Solid Burgundy,Burgundy,#6B2737,,,burgandy.jpg
Tablecloths and Overlays,Classic Solid,Classic Solid Burnt Orange,Burnt Orange,#C1502E,,,burntorange.jpg
Tablecloths and Overlays,Classic Solid,Classic Solid Cafe,Cafe,#5B3A29,,,cate.jpg
Tablecloths and Overlays,Classic Solid,Classic Solid Camel,Camel,#C19A6B,,,camel.jpg
Tablecloths and Overlays,Classic Solid,Classic Solid Caribbean Blue,Caribbean Blue,#1CA9C9,,,carribeanblueembroidered..jpg
Tablecloths and Overlays,Classic Solid,Classic Solid Charcoal,Charcoal,#3A3F44,,,charcoal.jpg
Tablecloths and Overlays,Classic Solid,Classic Solid Citron,Citron,#9FB03A,,,citron.jpg
Tablecloths and Overlays,Classic Solid,Classic Solid Coral,Coral,#E8836B,,,coralv3.jpg
Tablecloths and Overlays,Classic Solid,Classic Solid Dusty Rose,Dusty Rose,#C98A93,,,dustyrose.jpg
Tablecloths and Overlays,Classic Solid,Classic Solid Eggplant,Eggplant,#5B3358,,,eggplantv3.jpg
Tablecloths and Overlays,Classic Solid,Classic Solid Forest Green,Forest Green,#2E5339,,,forest.jpg
Tablecloths and Overlays,Classic Solid,Classic Solid Gold,Gold,#C9A227,,,goldv3.jpg
Tablecloths and Overlays,Classic Solid,Classic Solid Ivory,Ivory,#F1EEE3,,,ivoryv3.jpg
Tablecloths and Overlays,Classic Solid,Classic Solid Kelly,Kelly,#3E8E4F,,,kelly.jpg
Tablecloths and Overlays,Classic Solid,Classic Solid Light Blue,Light Blue,#A9CCE3,,,lightblue.jpg
Tablecloths and Overlays,Classic Solid,Classic Solid Lilac,Lilac,#C6A6D6,,,lilac.jpg
Tablecloths and Overlays,Classic Solid,Classic Solid Lime,Lime,#B7D14A,,,lime.jpg
Tablecloths and Overlays,Classic Solid,Classic Solid Maize,Maize,#E8C547,,,maizev3.jpg
Tablecloths and Overlays,Classic Solid,Classic Solid Mint,Mint,#9FD8B8,,,mint.jpg
Tablecloths and Overlays,Classic Solid,Classic Solid Moss,Moss,#6B7A4A,,,moss.jpg
Tablecloths and Overlays,Classic Solid,Classic Solid Navy,Navy,#1F2E4A,,,navy.jpg
Tablecloths and Overlays,Classic Solid,Classic Solid Periwinkle,Periwinkle,#8B9DDB,,,periwinklev3.jpg
Tablecloths and Overlays,Classic Solid,Classic Solid Pink,Pink,#E8A6C1,,,pink.jpg
Tablecloths and Overlays,Classic Solid,Classic Solid Purple,Purple,#6C4A9C,,,purple.jpg
Tablecloths and Overlays,Classic Solid,Classic Solid Raspberry,Raspberry,#9C2B4E,,,Raspberry.jpg
Tablecloths and Overlays,Classic Solid,Classic Solid Red,Red,#B12A2A,,,red.jpg
Tablecloths and Overlays,Classic Solid,Classic Solid Royal,Royal,#2E4EA6,,,royal.jpg
Tablecloths and Overlays,Classic Solid,Classic Solid Sage,Sage,#8A9A7B,,,sage.jpg
Tablecloths and Overlays,Classic Solid,Classic Solid Seamist,Seamist,#8FC1B5,,,seamist.jpg
Tablecloths and Overlays,Classic Solid,Classic Solid Silver,Silver,#B9BDC1,,,silver.jpg
Tablecloths and Overlays,Classic Solid,Classic Solid Slate Blue,Slate Blue,#5B7A9D,,,slateblue.jpg
Tablecloths and Overlays,Classic Solid,Classic Solid Tan,Tan,#C2A87A,,,tan.jpg
Tablecloths and Overlays,Classic Solid,Classic Solid Tangerine,Tangerine,#E8792E,,,tangerine.jpg
Tablecloths and Overlays,Classic Solid,Classic Solid Teal,Teal,#1B7B7A,,,tealv3.jpg
Tablecloths and Overlays,Classic Solid,Classic Solid Turquoise,Turquoise,#2FB6B0,,,turquoise.jpg
Tablecloths and Overlays,Classic Solid,Classic Solid White,White,#FAFAFA,,,white.jpg
Tablecloths and Overlays,Classic Solid,Classic Solid Yellow,Yellow,#EFCB3B,,,yellow.jpg
Tablecloths and Overlays,Imperial Stripe,Imperial Stripe Black (Limited),Black,#20232A,yes,,swatch26.jpg
Tablecloths and Overlays,Imperial Stripe,Imperial Stripe Burgundy (Limited),Burgundy,#6B2737,yes,,swatch23.jpg
Tablecloths and Overlays,Imperial Stripe,Imperial Stripe Forest Green (Limited),Forest Green,#2E5339,yes,,swatch29forestgreen.jpg
Tablecloths and Overlays,Imperial Stripe,Imperial Stripe Ivory (Limited),Ivory,#F1EEE3,yes,,swatch27cream.jpg
Tablecloths and Overlays,Imperial Stripe,Imperial Stripe Navy (Limited),Navy,#1F2E4A,yes,,swatch24.jpg
Tablecloths and Overlays,Imperial Stripe,Imperial Stripe Red (Limited),Red,#B12A2A,yes,,swatch25.jpg
Tablecloths and Overlays,Imperial Stripe,Imperial Stripe White (Limited),White,#FAFAFA,yes,,swatch28white.jpg
Tablecloths and Overlays,Picnic Check,Picnic Check Black,Black,#20232A,,,blackandwhitecheckered.jpg
Tablecloths and Overlays,Picnic Check,Picnic Check Blue,Blue,#B6A899,,,bluecheckered.jpg
Tablecloths and Overlays,Picnic Check,Picnic Check Green,Green,#B6A899,,,greencheckered.jpg
Tablecloths and Overlays,Picnic Check,Picnic Check Red,Red,#B12A2A,,,redcheckered.jpg
Tablecloths and Overlays,Picnic Check,Picnic Check Yellow,Yellow,#EFCB3B,,,yellowcheckered.jpg
Tablecloths and Overlays,Shantung,Shantung Avocado,Avocado,#8A9A46,,,shantungavacadov3.jpg
Tablecloths and Overlays,Shantung,Shantung Avocado Reverse,Avocado,#8A9A46,,yes,shantungavacado2.jpg
Tablecloths and Overlays,Shantung,Shantung Black,Black,#20232A,,,shantungblack.jpg
Tablecloths and Overlays,Shantung,Shantung Black Reverse,Black,#20232A,,yes,shantungblack2.jpg
Tablecloths and Overlays,Shantung,Shantung Burgundy,Burgundy,#6B2737,,,shantungburgandy.jpg
Tablecloths and Overlays,Shantung,Shantung Burgundy Reverse,Burgundy,#6B2737,,yes,shantungburgandy2.jpg
Tablecloths and Overlays,Shantung,Shantung Cafe,Cafe,#5B3A29,,,cafeshantung2.jpg
Tablecloths and Overlays,Shantung,Shantung Cafe Reverse,Cafe,#5B3A29,,yes,cafeshantung2-2.jpg
Tablecloths and Overlays,Shantung,Shantung Charcoal,Charcoal,#3A3F44,,,shantungcharcoal.jpg
Tablecloths and Overlays,Shantung,Shantung Charcoal Reverse,Charcoal,#3A3F44,,yes,shantungcharcoal2.jpg
Tablecloths and Overlays,Shantung,Shantung Coral,Coral,#E8836B,,,shantungblushrosev3.jpg
Tablecloths and Overlays,Shantung,Shantung Coral Reverse,Coral,#E8836B,,yes,shantungblushrose2.jpg
Tablecloths and Overlays,Shantung,Shantung Cornsilk,Cornsilk,#F0DFA0,,,shantungcornmilkv3.jpg
Tablecloths and Overlays,Shantung,Shantung Cornsilk Reverse,Cornsilk,#F0DFA0,,yes,shantungcornsilk2.jpg
Tablecloths and Overlays,Shantung,Shantung Emerald,Emerald,#1F8B5C,,,shantungemeraldv3.jpg
Tablecloths and Overlays,Shantung,Shantung Emerald Reverse,Emerald,#1F8B5C,,yes,shantungemerald2.jpg
Tablecloths and Overlays,Shantung,Shantung Espresso,Espresso,#4A3728,,,shantungexpresso.jpg
Tablecloths and Overlays,Shantung,Shantung Espresso Reverse,Espresso,#4A3728,,yes,shantungespresso2.jpg
Tablecloths and Overlays,Shantung,Shantung Fern,Fern,#5E8A4C,,,shantungfern.jpg
Tablecloths and Overlays,Shantung,Shantung Fern Reverse,Fern,#5E8A4C,,yes,shantungfern2.jpg
Tablecloths and Overlays,Shantung,Shantung Gold,Gold,#C9A227,,,shantunggold.jpg
Tablecloths and Overlays,Shantung,Shantung Gold Reverse,Gold,#C9A227,,yes,shantunggold2.jpg
Tablecloths and Overlays,Shantung,Shantung Ivory,Ivory,#F1EEE3,,,shantungivory.jpg
Tablecloths and Overlays,Shantung,Shantung Ivory Reverse,Ivory,#F1EEE3,,yes,shantungivory2.jpg
Tablecloths and Overlays,Shantung,Shantung Light Pink,Light Pink,#B6A899,,,shantunglightping.jpg
Tablecloths and Overlays,Shantung,Shantung Light Pink Reverse,Light Pink,#B6A899,,yes,shantunglightpink2.jpg
Tablecloths and Overlays,Shantung,Shantung Lilac,Lilac,#C6A6D6,,,shantunglilacv3.jpg
Tablecloths and Overlays,Shantung,Shantung Lilac Reverse,Lilac,#C6A6D6,,yes,shantunglilac2.jpg
Tablecloths and Overlays,Shantung,Shantung Lime,Lime,#B7D14A,,,shantunglimev3.jpg
Tablecloths and Overlays,Shantung,Shantung Lime Reverse,Lime,#B7D14A,,yes,shantunglime2.jpg
Tablecloths and Overlays,Shantung,Shantung Oatmeal,Oatmeal,#C9BFA5,,,shantungoatmeal.jpg
Tablecloths and Overlays,Shantung,Shantung Oatmeal Reverse,Oatmeal,#C9BFA5,,yes,shantungoatmeal2.jpg
Tablecloths and Overlays,Shantung,Shantung Plum,Plum,#6B3A5B,,,shantungplum.jpg
Tablecloths and Overlays,Shantung,Shantung Plum Reverse,Plum,#6B3A5B,,yes,shantungplum2.jpg
Tablecloths and Overlays,Shantung,Shantung Red,Red,#B12A2A,,,shantungred.jpg
Tablecloths and Overlays,Shantung,Shantung Red Reverse,Red,#B12A2A,,yes,shantungred2.jpg
Tablecloths and Overlays,Shantung,Shantung Royal,Royal,#2E4EA6,,,shantungroyal.jpg
Tablecloths and Overlays,Shantung,Shantung Royal Reverse,Royal,#2E4EA6,,yes,shantungroyal2.jpg
Tablecloths and Overlays,Shantung,Shantung Silver,Silver,#B9BDC1,,,shantungsilver.jpg
Tablecloths and Overlays,Shantung,Shantung Silver Reverse,Silver,#B9BDC1,,yes,shantungsilver2.jpg
Tablecloths and Overlays,Shantung,Shantung Slate Blue,Slate Blue,#5B7A9D,,,shantungslateblue.jpg
Tablecloths and Overlays,Shantung,Shantung Slate Reversed,Slate,#B6A899,,yes,shantungslateblue2.jpg
Tablecloths and Overlays,Shantung,Shantung Tangerine,Tangerine,#E8792E,,,shantungtangerinev3.jpg
Tablecloths and Overlays,Shantung,Shantung Tangerine Reverse,Tangerine,#E8792E,,yes,shantungtangerine2.jpg
Tablecloths and Overlays,Shantung,Shantung Teal,Teal,#1B7B7A,,,shantungteal.jpg
Tablecloths and Overlays,Shantung,Shantung Teal Reverse,Teal,#1B7B7A,,yes,shantungteal2.jpg
Tablecloths and Overlays,Shantung,Shantung Turquoise,Turquoise,#2FB6B0,,,shantungturquoise.jpg
Tablecloths and Overlays,Shantung,Shantung Turquoise Reverse,Turquoise,#2FB6B0,,yes,shantungturquoise2.jpg
Tablecloths and Overlays,Shantung,Shantung Watermelon,Watermelon,#E85B6E,,,shantungwatermelonv3.jpg
Tablecloths and Overlays,Shantung,Shantung Watermelon Reverse,Watermelon,#E85B6E,,yes,shantungwatermelon2.jpg
Tablecloths and Overlays,Shantung,Shantung Wedgewood,Wedgewood,#5B7EA0,,,shantungwedgewood.jpg
Tablecloths and Overlays,Shantung,Shantung Wedgewood Reverse,Wedgewood,#5B7EA0,,yes,shantungwedgewood2.jpg
Tablecloths and Overlays,Shantung,Shantung White,White,#FAFAFA,,,shantungwhite.jpg
Tablecloths and Overlays,Shantung,Shantung White Reverse,White,#FAFAFA,,yes,shantungwhite2.jpg
Tablecloths and Overlays,Shantung,Shantung Windsor Blue,Windsor Blue,#2E5A8C,,,shantungwindsorblue.jpg
Tablecloths and Overlays,Shantung,Shantung Windsor Blue Reverse,Windsor Blue,#2E5A8C,,yes,shantungwindsorblue2.jpg
Tablecloths and Overlays,Matte Lamour,Matte Lamour Apple,Apple,#7CB342,,,mattelamourapple.jpg
Tablecloths and Overlays,Matte Lamour,Matte Lamour Black,Black,#20232A,,,mattelamourblack.jpg
Tablecloths and Overlays,Matte Lamour,Matte Lamour Blossom Pink,Blossom Pink,#E8B7C4,,,mattelamourblossompinkv3.jpg
Tablecloths and Overlays,Matte Lamour,Matte Lamour Burgundy,Burgundy,#6B2737,,,mattelamourburgandyv3.jpg
Tablecloths and Overlays,Matte Lamour,Matte Lamour Camel,Camel,#C19A6B,,,mattelamourcamel.jpg
Tablecloths and Overlays,Matte Lamour,Matte Lamour Citron,Citron,#9FB03A,,,mattelamourcitron.jpg
Tablecloths and Overlays,Matte Lamour,Matte Lamour Copper,Copper,#B98A3E,,,mattelamourcopper.jpg
Tablecloths and Overlays,Matte Lamour,Matte Lamour Dark Brown,Dark Brown,#3E2A1C,,,mattelamourdarkbrown2.jpg
Tablecloths and Overlays,Matte Lamour,Matte Lamour Eggplant,Eggplant,#5B3358,,,mattelamoureggplant.jpg
Tablecloths and Overlays,Matte Lamour,Matte Lamour Emerald,Emerald,#1F8B5C,,,mattelamouremeraldv3.jpg
Tablecloths and Overlays,Matte Lamour,Matte Lamour Gold,Gold,#C9A227,,,mattelamourgold.jpg
Tablecloths and Overlays,Matte Lamour,Matte Lamour Hot Pink,Hot Pink,#E23E8C,,,mattelamourhotpink.jpg
Tablecloths and Overlays,Matte Lamour,Matte Lamour Hunter,Hunter,#3B5C3B,,,mattelamourhunter.jpg
Tablecloths and Overlays,Matte Lamour,Matte Lamour Ivory,Ivory,#F1EEE3,,,mattelamourivory.jpg
Tablecloths and Overlays,Matte Lamour,Matte Lamour Lemon,Lemon,#F2E14C,,,mattelamourlemon.jpg
Tablecloths and Overlays,Matte Lamour,Matte Lamour Light Pink,Light Pink,#B6A899,,,mattelamourlightpinkv3.jpg
Tablecloths and Overlays,Matte Lamour,Matte Lamour Lilac,Lilac,#C6A6D6,,,mattelamourlilac.jpg
Tablecloths and Overlays,Matte Lamour,Matte Lamour Lime,Lime,#B7D14A,,,mattelamourlimev3.jpg
Tablecloths and Overlays,Matte Lamour,Matte Lamour Navy,Navy,#1F2E4A,,,mattelamournavy.jpg
Tablecloths and Overlays,Matte Lamour,Matte Lamour Orange,Orange,#E8752E,,,mattelamourorange.jpg
Tablecloths and Overlays,Matte Lamour,Matte Lamour Palest Blue,Palest Blue,#D6E6EF,,,palestblue2.jpg
Tablecloths and Overlays,Matte Lamour,Matte Lamour Periwinkle,Periwinkle,#8B9DDB,,,mattelamourperiwinkle.jpg
Tablecloths and Overlays,Matte Lamour,Matte Lamour Purple,Purple,#6C4A9C,,,mattelamourpurple.jpg
Tablecloths and Overlays,Matte Lamour,Matte Lamour Red,Red,#B12A2A,,,mattelamourred.jpg
Tablecloths and Overlays,Matte Lamour,Matte Lamour Royal,Royal,#2E4EA6,,,mattelamourroyal.jpg
Tablecloths and Overlays,Matte Lamour,Matte Lamour Sage,Sage,#8A9A7B,,,mattelamoursagev3.jpg
Tablecloths and Overlays,Matte Lamour,Matte Lamour Seamist,Seamist,#8FC1B5,,,mattelamourseamist.jpg
Tablecloths and Overlays,Matte Lamour,Matte Lamour Silver,Silver,#B9BDC1,,,mattelamoursilver.jpg
Tablecloths and Overlays,Matte Lamour,Matte Lamour Slate Blue,Slate Blue,#5B7A9D,,,slateblue2.jpg
Tablecloths and Overlays,Matte Lamour,Matte Lamour Teal,Teal,#1B7B7A,,,mattelamourteal.jpg
Tablecloths and Overlays,Matte Lamour,Matte Lamour Tiffany,Tiffany,#8ED1C4,,,mattelamourtiffany.jpg
Tablecloths and Overlays,Matte Lamour,Matte Lamour Turquoise,Turquoise,#2FB6B0,,,mattelamourturquoise.jpg
Tablecloths and Overlays,Matte Lamour,Matte Lamour White,White,#FAFAFA,,,mattelamourwhite.jpg
Tablecloths and Overlays,Serenity,Serenity Coastal,Coastal,#4E8CA0,,,coastalserenty2.jpg
Tablecloths and Overlays,Serenity,Serenity Desert Rose,Desert Rose,#C98A93,,,serenitydesertrose.jpg
Tablecloths and Overlays,Serenity,Serenity Driftwood,Driftwood,#B8A585,,,serenitydriftwood.jpg
Tablecloths and Overlays,Serenity,Serenity Willow,Willow,#8FA07A,,,serenitywillow.jpg
Tablecloths and Overlays,Bengaline,Bengaline Brown (Limited),Brown,#6B4A34,yes,,BrownBengaline.jpg
Tablecloths and Overlays,Bengaline,Bengaline Buttercup (Limited),Buttercup,#F2D14C,yes,,CornsilkBengaline.jpg
Tablecloths and Overlays,Bengaline,Bengaline Cerise Pink (Limited),Cerise Pink,#D6336C,yes,,CeriseBengaline.jpg
Tablecloths and Overlays,Bengaline,Bengaline Charcoal (Limited),Charcoal,#3A3F44,yes,,charcoalBengaline.jpg
Tablecloths and Overlays,Bengaline,Bengaline Ivory Cream (Limited),Ivory Cream,#F5EFD9,yes,,IvoryCreamBengaline.jpg
Tablecloths and Overlays,Bengaline,Bengaline Jet Black (Limited),Jet Black,#0F1113,yes,,BlackBengaline.jpg
Tablecloths and Overlays,Bengaline,Bengaline Lavendar Steel (Limited),Lavendar Steel,#A79BC4,yes,,LavenderBengaline.jpg
Tablecloths and Overlays,Bengaline,Bengaline Mango (Limited),Mango,#F2A33C,yes,,MangoBengaline.jpg
Tablecloths and Overlays,Bengaline,Bengaline Pea Green (Limited),Pea Green,#8AA83E,yes,,PeaGreenBengaline.jpg
Tablecloths and Overlays,Bengaline,Bengaline Red (Limited),Red,#B12A2A,yes,,RedBengaline.jpg
Tablecloths and Overlays,Bengaline,Bengaline Silverado (Limited),Silverado,#C7C7C7,yes,,SilveradoBengaline.jpg
Tablecloths and Overlays,Bengaline,Bengaline Spiced Cider (Limited),Spiced Cider,#8A4A2E,yes,,CiderBengaline.jpg
Tablecloths and Overlays,Bengaline,Bengaline Taupe (Limited),Taupe,#B6A08A,yes,,TaupeBengaline.jpg
Tablecloths and Overlays,Bengaline,Bengaline Ultra Burgundy (Limited),Ultra Burgundy,#5C1F2E,yes,,BurgundyBengaline.jpg
Tablecloths and Overlays,Bengaline,Bengaline Ultra White (Limited),Ultra White,#FFFFFF,yes,,WhiteBengaline.jpg
Tablecloths and Overlays,Bengaline,Bengaline Victorian Gold (Limited),Victorian Gold,#B8933E,yes,,VictorianGoldBengaline.jpg
Tablecloths and Overlays,Soiree,Soiree Black,Black,#20232A,,,soireeblack.jpg
Tablecloths and Overlays,Soiree,Soiree Blush,Blush,#D9AFAE,,,soireeblush.jpg
Tablecloths and Overlays,Soiree,Soiree Celery,Celery,#B7C77A,,,soireecelery.jpg
Tablecloths and Overlays,Soiree,Soiree Champagne,Champagne,#E9D9B0,,,soireechampagne.jpg
Tablecloths and Overlays,Soiree,Soiree Eggplant,Eggplant,#5B3358,,,soireeeggplant.jpg
Tablecloths and Overlays,Soiree,Soiree Gold,Gold,#C9A227,,,soireegold.jpg
Tablecloths and Overlays,Soiree,Soiree Ivory,Ivory,#F1EEE3,,,soireeivory.jpg
Tablecloths and Overlays,Soiree,Soiree Papaya,Papaya,#E8945E,,,soireepapaya.jpg
Tablecloths and Overlays,Soiree,Soiree Silver,Silver,#B9BDC1,,,soireesilver.jpg
Tablecloths and Overlays,Soiree,Soiree White,White,#FAFAFA,,,soireewhite.jpg
Tablecloths and Overlays,Bichon Crush,Bichon Crush Black (Limited),Black,#20232A,yes,,BlackCrush.jpg
Tablecloths and Overlays,Bichon Crush,Bichon Crush Burgundy (Limited),Burgundy,#6B2737,yes,,BurgundyCrush.jpg
Tablecloths and Overlays,Bichon Crush,Bichon Crush Champagne Gold (Limited),Champagne Gold,#D4AF6A,yes,,ChampagneBengaline.jpg
Tablecloths and Overlays,Bichon Crush,Bichon Crush Copper (Limited),Copper,#B98A3E,yes,,CopperCrush.jpg
Tablecloths and Overlays,Bichon Crush,Bichon Crush Ivory (Limited),Ivory,#F1EEE3,yes,,IvoryCrush.jpg
Tablecloths and Overlays,Bichon Crush,Bichon Crush Paprika (Limited),Paprika,#A8462E,yes,,PaprikaCrush.jpg
Tablecloths and Overlays,Bichon Crush,Bichon Crush Red (Limited),Red,#B12A2A,yes,,RedCrush.jpg
Tablecloths and Overlays,Bichon Crush,Bichon Crush Royal (Limited),Royal,#2E4EA6,yes,,RoyalCrush.jpg
Tablecloths and Overlays,Bichon Crush,Bichon Crush Silver (Limited),Silver,#B9BDC1,yes,,SilverCrush.jpg
Tablecloths and Overlays,Bichon Crush,Bichon Crush Taupe (Limited),Taupe,#B6A08A,yes,,TaupeCrush.jpg
Tablecloths and Overlays,Bichon Crush,Bichon Crush Violet Green (Limited),Violet Green,#5A7A4A,yes,,GreenCrush.jpg
Tablecloths and Overlays,Bichon Crush,Bichon Crush White (Limited),White,#FAFAFA,yes,,WhiteCrush.jpg
Tablecloths and Overlays,Jute,Jute Apricot,Apricot,#B6A899,,,juteapricot.jpg
Tablecloths and Overlays,Jute,Jute Beige,Beige,#D9C7A3,,,jutebeige.jpg
Tablecloths and Overlays,Jute,Jute Black,Black,#20232A,,,juteblack.jpg
Tablecloths and Overlays,Jute,Jute Burlap,Burlap,#B8985E,,,juteburlap.jpg
Tablecloths and Overlays,Jute,Jute Crimson,Crimson,#8B1E2E,,,jutecrimson.jpg
Tablecloths and Overlays,Jute,Jute Denim,Denim,#3A5B7A,,,jutedenim.jpg
Tablecloths and Overlays,Jute,Jute Dove,Dove,#C9C6C0,,,jutedove.jpg
Tablecloths and Overlays,Jute,Jute English Rose,English Rose,#C77A8B,,,juteenglishrose.jpg
Tablecloths and Overlays,Jute,Jute Ivory,Ivory,#F1EEE3,,,juteivory.jpg
Tablecloths and Overlays,Jute,Jute Lime,Lime,#B7D14A,,,jutelime.jpg
Tablecloths and Overlays,Jute,Jute Lipstick,Lipstick,#B8244F,,,jutelipstickpink.jpg
Tablecloths and Overlays,Jute,Jute Peach,Peach,#F0B08A,,,jutepeach.jpg
Tablecloths and Overlays,Jute,Jute Plum,Plum,#6B3A5B,,,juteplum.jpg
Tablecloths and Overlays,Jute,Jute Poppy,Poppy,#D6432E,,,jutepoppy.jpg
Tablecloths and Overlays,Jute,Jute Stone,Stone,#A8A093,,,jutestone.jpg
Tablecloths and Overlays,Jute,Jute White,White,#FAFAFA,,,jutewhite.jpg
Tablecloths and Overlays,Specialty,Abstract Geometric,Abstract Geometric,#B6A899,,,artsyabstract.jpg
Tablecloths and Overlays,Specialty,Amalfi Hunter,Amalfi Hunter,#B6A899,,,amalfihunter.jpg
Tablecloths and Overlays,Specialty,Amalfi Sapphire,Amalfi Sapphire,#B6A899,,,amalfisapphire.jpg
Tablecloths and Overlays,Specialty,Amber Matrix,Amber Matrix,#B6A899,,,amber.jpg
Tablecloths and Overlays,Specialty,Americana,Americana,#B6A899,,,americana.jpg
Tablecloths and Overlays,Specialty,Amondine Black on Silver,Amondine Black on Silver,#B6A899,,,tablecloth1.jpg
Tablecloths and Overlays,Specialty,Amondine Black on White,Amondine Black on White,#B6A899,,,amandinewhite.jpg
Tablecloths and Overlays,Specialty,Apple Cabana Stripe,Apple Cabana Stripe,#B6A899,,,cabanastripeapple.jpg
Tablecloths and Overlays,Specialty,Apple Gingham Mini Check,Apple Gingham Mini Check,#B6A899,,,appleminiginghamcheck.jpg
Tablecloths and Overlays,Specialty,Aurora Ivory,Aurora Ivory,#B6A899,,,auroraivory.jpg
Tablecloths and Overlays,Specialty,Aurora White,Aurora White,#B6A899,,,aurorawhite.jpg
Tablecloths and Overlays,Specialty,Bandana,Bandana,#B6A899,,,artsybandana.jpg
Tablecloths and Overlays,Specialty,Bark Citron,Bark Citron,#B6A899,,,barkcitron.jpg
Tablecloths and Overlays,Specialty,Bark Citron Reverse,Bark Citron,#B6A899,,yes,swatch13.jpg
Tablecloths and Overlays,Specialty,Bark Midnight,Bark Midnight,#B6A899,,,barkmidnight.jpg
Tablecloths and Overlays,Specialty,Bark Midnight Reverse,Bark Midnight,#B6A899,,yes,swatch15.jpg
Tablecloths and Overlays,Specialty,Bark Slate Blue,Bark Slate Blue,#B6A899,,,barkslateblue.jpg
Tablecloths and Overlays,Specialty,Bark Slate Blue Reverse,Bark Slate Blue,#B6A899,,yes,swatch14.jpg
Tablecloths and Overlays,Specialty,Beige Sanibel,Beige Sanibel,#B6A899,,,sanibelbeige2.jpg
Tablecloths and Overlays,Specialty,Black Circle Taffeta,Black Circle Taffeta,#B6A899,,,tablecloth25.jpg
Tablecloths and Overlays,Specialty,Black Net with Gold Stars,Black Net with Gold Stars,#B6A899,,,tablecloth12.jpg
Tablecloths and Overlays,Specialty,Black Racing Check,Black Racing Check,#B6A899,,,racingcheckblack.jpg
Tablecloths and Overlays,Specialty,Blossom Plaid,Blossom Plaid,#B6A899,,,plaidblossom.jpg
Tablecloths and Overlays,Specialty,Brushstrokes,Brushstrokes,#B6A899,,,specialtybrushstrokes.jpg
Tablecloths and Overlays,Specialty,Buffalo Check Red,Buffalo Check Red,#B6A899,,,buffalocheckredandblack.jpg
Tablecloths and Overlays,Specialty,Buffalo Check Taupe,Buffalo Check Taupe,#B6A899,,,buffalochecktaupeandwhite.jpg
Tablecloths and Overlays,Specialty,Cafe Embroidered Sheer,Cafe Embroidered Sheer,#B6A899,,,CafeEmbroidered.jpg
Tablecloths and Overlays,Specialty,Cairns,Cairns,#B6A899,,,cairns.jpg
Tablecloths and Overlays,Specialty,Cairns Reverse,Cairns,#B6A899,,yes,swatch12.jpg
Tablecloths and Overlays,Specialty,Calypso,Calypso,#B6A899,,,specialtycalypso.jpg
Tablecloths and Overlays,Specialty,Cambric,Cambric,#B6A899,,,cambricblush.jpg
Tablecloths and Overlays,Specialty,Chevron Lime,Chevron Lime,#B6A899,,,tablecloth18.jpg
Tablecloths and Overlays,Specialty,Chevron Navy,Chevron Navy,#B6A899,,,tablecloth17.jpg
Tablecloths and Overlays,Specialty,Chevron Silver,Chevron Silver,#B6A899,,,tablecloth16.jpg
Tablecloths and Overlays,Specialty,Cinderella,Cinderella,#B6A899,,,cinderella.jpg
Tablecloths and Overlays,Specialty,Cirque,Cirque,#B6A899,,,tablecloth24.jpg
Tablecloths and Overlays,Specialty,Concentric Gold,Concentric Gold,#B6A899,,,concentricgold2.jpg
Tablecloths and Overlays,Specialty,Concentric Silver,Concentric Silver,#B6A899,,,concentricsilver2.jpg
Tablecloths and Overlays,Specialty,Concentric White,Concentric White,#B6A899,,,concentricwhite.jpg
Tablecloths and Overlays,Specialty,Cosmopolitan,Cosmopolitan,#B6A899,,,cosmopolitan.jpg
Tablecloths and Overlays,Specialty,Dogwood,Dogwood,#B6A899,,,specialtydogwood.jpg
Tablecloths and Overlays,Specialty,Dolce Biscotti,Dolce Biscotti,#B6A899,,,dolcetaupespeciality.jpg
Tablecloths and Overlays,Specialty,Dolce Vanilla,Dolce Vanilla,#B6A899,,,dolcewhitespeciality.jpg
Tablecloths and Overlays,Specialty,Echo Jade,Echo Jade,#B6A899,,,echojade2.jpg
Tablecloths and Overlays,Specialty,Echo Jade Reverse,Echo Jade,#B6A899,,yes,swatch10.jpg
Tablecloths and Overlays,Specialty,Echo Lumiere,Echo Lumiere,#B6A899,,,echolumiere.jpg
Tablecloths and Overlays,Specialty,Echo Lumiere Reverse,Echo Lumiere,#B6A899,,yes,swatch8.jpg
Tablecloths and Overlays,Specialty,Echo Noir,Echo Noir,#B6A899,,,echonoir.jpg
Tablecloths and Overlays,Specialty,Echo Noir Reverse,Echo Noir,#B6A899,,yes,swatch11.jpg
Tablecloths and Overlays,Specialty,Echo Rouge,Echo Rouge,#B6A899,,,echorouge.jpg
Tablecloths and Overlays,Specialty,Echo Rouge Reverse,Echo Rouge,#B6A899,,yes,swatch9.jpg
Tablecloths and Overlays,Specialty,Eleanor - Bone,Eleanor - Bone,#B6A899,,,eleanorspeciality.jpg
Tablecloths and Overlays,Specialty,Fairy Dust Black,Fairy Dust Black,#B6A899,,,fairydustblack.jpg
Tablecloths and Overlays,Specialty,Fairy Dust Pink,Fairy Dust Pink,#B6A899,,,PinkFairyDust.jpg
Tablecloths and Overlays,Specialty,Federal Blue Granite,Federal Blue Granite,#B6A899,,,federalbluegranite.jpg
Tablecloths and Overlays,Specialty,Federal Blue Granite Reverse,Federal Blue Granite,#B6A899,,yes,swatch17.jpg
Tablecloths and Overlays,Specialty,Florence,Florence,#B6A899,,,florence.jpg
Tablecloths and Overlays,Specialty,Garden Floral,Garden Floral,#B6A899,,,gardenfloral.jpg
Tablecloths and Overlays,Specialty,Gatsby,Gatsby,#B6A899,,,specialtygatsby.jpg
Tablecloths and Overlays,Specialty,Gatsby Reverse,Gatsby,#B6A899,,yes,GatsbyReverse.jpg
Tablecloths and Overlays,Specialty,Gold Gingham Mini Check,Gold Gingham Mini Check,#B6A899,,,tangerineminiginghamcheck.jpg
Tablecloths and Overlays,Specialty,Halas Navy,Halas Navy,#B6A899,,,halasnavy.jpg
Tablecloths and Overlays,Specialty,Halas Tangerine,Halas Tangerine,#B6A899,,,halastangerine.jpg
Tablecloths and Overlays,Specialty,Hampton Botanical Apple,Hampton Botanical Apple,#B6A899,,,hamptonbotanicalapple.jpg
Tablecloths and Overlays,Specialty,Hampton Botanical Dune,Hampton Botanical Dune,#B6A899,,,dunehamptonbotanical.jpg
Tablecloths and Overlays,Specialty,Hampton Botanical Rosé,Hampton Botanical Rosé,#B6A899,,,hamptonbotanicalrose.jpg
Tablecloths and Overlays,Specialty,Hampton Stripe Apple,Hampton Stripe Apple,#B6A899,,,hamptonstripeapple2.jpg
Tablecloths and Overlays,Specialty,Hampton Stripe Coastal,Hampton Stripe Coastal,#B6A899,,,hamptonstripecoastal.jpg
Tablecloths and Overlays,Specialty,Hampton Stripe Dune,Hampton Stripe Dune,#B6A899,,,dunehamptonstripe1.jpg
Tablecloths and Overlays,Specialty,Hampton Stripe Rosé,Hampton Stripe Rosé,#B6A899,,,hamptonstriperose.jpg
Tablecloths and Overlays,Specialty,Helena Apple,Helena Apple,#B6A899,,,helenaapple.jpg
Tablecloths and Overlays,Specialty,Helena Apple Reverse,Helena Apple,#B6A899,,yes,swatch1.jpg
Tablecloths and Overlays,Specialty,Helena Blue,Helena Blue,#B6A899,,,helenablue.jpg
Tablecloths and Overlays,Specialty,Helena Blue Reverse,Helena Blue,#B6A899,,yes,swatch2.jpg
Tablecloths and Overlays,Specialty,Helena Orange,Helena Orange,#B6A899,,,helenaorange.jpg
Tablecloths and Overlays,Specialty,Helena Orange Reverse,Helena Orange,#B6A899,,yes,swatch3.jpg
Tablecloths and Overlays,Specialty,Hemstitch White,Hemstitch White,#B6A899,,,SpecialtyHemstitchedWhite.jpg
Tablecloths and Overlays,Specialty,Hex,Hex,#B6A899,,,hex.jpg
Tablecloths and Overlays,Specialty,Holiday Plaid,Holiday Plaid,#B6A899,,,holidayplaidred.jpg
Tablecloths and Overlays,Specialty,Holly,Holly,#B6A899,,,holly.jpg
Tablecloths and Overlays,Specialty,Indigo Bloom,Indigo Bloom,#B6A899,,,indigobloom.jpg
Tablecloths and Overlays,Specialty,Josephine Lace,Josephine Lace,#B6A899,,,lacejosephine.jpg
Tablecloths and Overlays,Specialty,Juliette's Palette Floral,Juliette's Palette Floral,#B6A899,,,juliettespalettes.jpg
Tablecloths and Overlays,Specialty,Key West,Key West,#B6A899,,,keywest.jpg
Tablecloths and Overlays,Specialty,Kiwi Palazzo,Kiwi Palazzo,#B6A899,,,kiwi.jpg
Tablecloths and Overlays,Specialty,Kringle,Kringle,#B6A899,,,kingle.jpg
Tablecloths and Overlays,Specialty,Lace Ivory,Lace Ivory,#B6A899,,,laceivory.jpg
Tablecloths and Overlays,Specialty,Lace White,Lace White,#B6A899,,,WhiteLace.jpg
Tablecloths and Overlays,Specialty,Laguna,Laguna,#B6A899,,,artsylaguna.jpg
Tablecloths and Overlays,Specialty,Lilac Gingham Mini Check,Lilac Gingham Mini Check,#B6A899,,,lilacminiginghamcheck.jpg
Tablecloths and Overlays,Specialty,Lorelei,Lorelei,#B6A899,,,lorelei.jpg
Tablecloths and Overlays,Specialty,Lucia,Lucia,#B6A899,,,lucia.jpg
Tablecloths and Overlays,Specialty,Meteorite,Meteorite,#B6A899,,,meteorite.jpg
Tablecloths and Overlays,Specialty,Metropolitan Concrete,Metropolitan Concrete,#B6A899,,,concrete2.jpg
Tablecloths and Overlays,Specialty,Metropolitan Natural,Metropolitan Natural,#B6A899,,,metropolitiannatural.jpg
Tablecloths and Overlays,Specialty,Midas Travertine,Midas Travertine,#B6A899,,,midastravertinegold.jpg
Tablecloths and Overlays,Specialty,Midas Travertine Reverse,Midas Travertine,#B6A899,,yes,swatch4.jpg
Tablecloths and Overlays,Specialty,Middleton Lace,Middleton Lace,#B6A899,,,middleton.jpg
Tablecloths and Overlays,Specialty,Mirage Hazel,Mirage Hazel,#B6A899,,,HazelMirage.jpg
Tablecloths and Overlays,Specialty,Mirage Honey,Mirage Honey,#B6A899,,,HoneyMirage.jpg
Tablecloths and Overlays,Specialty,Mirage Sandstone,Mirage Sandstone,#B6A899,,,sandstone2.jpg
Tablecloths and Overlays,Specialty,Mirage Tide,Mirage Tide,#B6A899,,,TideMirage.jpg
Tablecloths and Overlays,Specialty,Mirage Vanilla,Mirage Vanilla,#B6A899,,,VanillaMirage.jpg
Tablecloths and Overlays,Specialty,Nadia,Nadia,#B6A899,,,nadia.jpg
Tablecloths and Overlays,Specialty,Nantucket,Nantucket,#B6A899,,,nantucket.jpg
Tablecloths and Overlays,Specialty,Napa Blue,Napa Blue,#B6A899,,,napablue2.jpg
Tablecloths and Overlays,Specialty,Napa Orange,Napa Orange,#B6A899,,,napaorange.jpg
Tablecloths and Overlays,Specialty,Navy Gingham Mini Check,Navy Gingham Mini Check,#B6A899,,,navyminiginghamcheck.jpg
Tablecloths and Overlays,Specialty,Ornamental Silver Lace,Ornamental Silver Lace,#B6A899,,,ornamentallacesilver.jpg
Tablecloths and Overlays,Specialty,Ornamental White Lace,Ornamental White Lace,#B6A899,,,ornamentallacewhite.jpg
Tablecloths and Overlays,Specialty,Pamela Palm,Pamela Palm,#B6A899,,,PamelaPalm.jpg
Tablecloths and Overlays,Specialty,Patchwork,Patchwork,#B6A899,,,patchwork.jpg
Tablecloths and Overlays,Specialty,Phoebe,Phoebe,#B6A899,,,phoebe.jpg
Tablecloths and Overlays,Specialty,Phoenix,Phoenix,#B6A899,,,phoenix.jpg
Tablecloths and Overlays,Specialty,Pink Gingham Mini Check,Pink Gingham Mini Check,#B6A899,,,pinkminiginghamcheck.jpg
Tablecloths and Overlays,Specialty,Polka Dots Black with White,Polka Dots Black with White,#B6A899,,,whitedotsblack.jpg
Tablecloths and Overlays,Specialty,Polka Dots Lime with White,Polka Dots Lime with White,#B6A899,,,whitedotslime.jpg
Tablecloths and Overlays,Specialty,Polka Dots Red with White,Polka Dots Red with White,#B6A899,,,whitedotsred.jpg
Tablecloths and Overlays,Specialty,Polka Dots White with Black,Polka Dots White with Black,#B6A899,,,blactdotswhite.jpg
Tablecloths and Overlays,Specialty,Purple Gingham,Purple Gingham,#B6A899,,,ginghampurple.jpg
Tablecloths and Overlays,Specialty,Red Gingham Mini Check,Red Gingham Mini Check,#B6A899,,,redminiginghamcheck.jpg
Tablecloths and Overlays,Specialty,Red Shantung Swirl,Red Shantung Swirl,#B6A899,,,shantungswirlred.jpg
Tablecloths and Overlays,Specialty,Regency,Regency,#B6A899,,,laguna.jpg
Tablecloths and Overlays,Specialty,Retro Vintage,Retro Vintage,#B6A899,,,artsyvintage.jpg
Tablecloths and Overlays,Specialty,Romeo,Romeo,#B6A899,,,romeo.jpg
Tablecloths and Overlays,Specialty,Santorini,Santorini,#B6A899,,,santorini.jpg
Tablecloths and Overlays,Specialty,Santorini Reverse,Santorini,#B6A899,,yes,swatch5.jpg
Tablecloths and Overlays,Specialty,Savannah Vintage Blossom (Limited),Savannah Vintage Blossom,#B6A899,yes,,savannahblossom.jpg
Tablecloths and Overlays,Specialty,Savannah Vintage Lilac - LIMITED,Savannah Vintage Lilac,#B6A899,yes,,savannahlilac.jpg
Tablecloths and Overlays,Specialty,Sequins Black,Sequins Black,#B6A899,,,sequinblack.jpg
Tablecloths and Overlays,Specialty,Sequins Blush,Sequins Blush,#B6A899,,,sequinblush.jpg
Tablecloths and Overlays,Specialty,Sequins Gold,Sequins Gold,#B6A899,,,sequingold.jpg
Tablecloths and Overlays,Specialty,Sequins Lace Navy,Sequins Lace Navy,#B6A899,,,sequinlacenavy.jpg
Tablecloths and Overlays,Specialty,Sequins Rose Gold,Sequins Rose Gold,#B6A899,,,sequinrosegold.jpg
Tablecloths and Overlays,Specialty,Sequins Silver,Sequins Silver,#B6A899,,,sequinsilver.jpg
Tablecloths and Overlays,Specialty,Sequins White,Sequins White,#B6A899,,,sequinwhite.jpg
Tablecloths and Overlays,Specialty,Shag Gold,Shag Gold,#B6A899,,,tablecloth5.jpg
Tablecloths and Overlays,Specialty,Shag Red,Shag Red,#B6A899,,,tablecloth3.jpg
Tablecloths and Overlays,Specialty,Shag Silver,Shag Silver,#B6A899,,,tablecloth4.jpg
Tablecloths and Overlays,Specialty,Silhouette,Silhouette,#B6A899,,,silhouette.jpg
Tablecloths and Overlays,Specialty,Silver Amandine,Silver Amandine,#B6A899,,,silveramandine4-2.jpg
Tablecloths and Overlays,Specialty,Somerset Damask Gold (Limited),Somerset Damask Gold,#B6A899,yes,,somersetdamaskgold.jpg
Tablecloths and Overlays,Specialty,Somerset Damask Ivory (Limited),Somerset Damask Ivory,#B6A899,yes,,somersetdamaskivoty.jpg
Tablecloths and Overlays,Specialty,Somerset Damask Purple (Limited),Somerset Damask Purple,#B6A899,yes,,somersetdamaskpurple.jpg
Tablecloths and Overlays,Specialty,Somerset Damask White (Limited),Somerset Damask White,#B6A899,yes,,WhiteSommersetDamask.jpg
Tablecloths and Overlays,Specialty,Sonoma Stripe Blue,Sonoma Stripe Blue,#B6A899,,,sonomastripeblue2.jpg
Tablecloths and Overlays,Specialty,Sonoma Stripe Orange,Sonoma Stripe Orange,#B6A899,,,sonomastripeorange2.jpg
Tablecloths and Overlays,Specialty,Sparkle Sheer Black,Sparkle Sheer Black,#B6A899,,,tablecloth23.jpg
Tablecloths and Overlays,Specialty,Sparkle Sheer Gold,Sparkle Sheer Gold,#B6A899,,,tablecloth6.jpg
Tablecloths and Overlays,Specialty,Sparkle Sheer Ivory,Sparkle Sheer Ivory,#B6A899,,,tablecloth20.jpg
Tablecloths and Overlays,Specialty,Sparkle Sheer Lilac,Sparkle Sheer Lilac,#B6A899,,,tablecloth8.jpg
Tablecloths and Overlays,Specialty,Sparkle Sheer Royal,Sparkle Sheer Royal,#B6A899,,,tablecloth22.jpg
Tablecloths and Overlays,Specialty,Sparkle Sheer White,Sparkle Sheer White,#B6A899,,,tablecloth8.jpg
Tablecloths and Overlays,Specialty,Spiro,Spiro,#B6A899,,,spiro.jpg
Tablecloths and Overlays,Specialty,Stripe Black and White,Stripe Black and White,#B6A899,,,tablecloth14.jpg
Tablecloths and Overlays,Specialty,Stripe Navy and White,Stripe Navy and White,#B6A899,,,tablecloth13.jpg
Tablecloths and Overlays,Specialty,Stripe Red and White,Stripe Red and White,#B6A899,,,tablecloth15.jpg
Tablecloths and Overlays,Specialty,Tie-Dye,Tie-Dye,#B6A899,,,artsytiedye.jpg
Tablecloths and Overlays,Specialty,Turquoise Gingham Mini Check,Turquoise Gingham Mini Check,#B6A899,,,turquoiseminiginghamcheck.jpg
Tablecloths and Overlays,Specialty,Velvet Black,Velvet Black,#B6A899,,,velvetblack.jpg
Tablecloths and Overlays,Specialty,Velvet Champagne Gold,Velvet Champagne Gold,#B6A899,,,velvetgold.jpg
Tablecloths and Overlays,Specialty,Velvet Charcoal,Velvet Charcoal,#B6A899,,,velvetcharcoal.jpg
Tablecloths and Overlays,Specialty,Velvet Glacier Gray,Velvet Glacier Gray,#B6A899,,,velvetglaciergray.jpg
Tablecloths and Overlays,Specialty,Velvet Hunter,Velvet Hunter,#B6A899,,,velvethunter.jpg
Tablecloths and Overlays,Specialty,Velvet Ice Pink,Velvet Ice Pink,#B6A899,,,velveticepink.jpg
Tablecloths and Overlays,Specialty,Velvet Ivory,Velvet Ivory,#B6A899,,,velvetivory.jpg
Tablecloths and Overlays,Specialty,Velvet Lavender,Velvet Lavender,#B6A899,,,luxelavender2.jpg
Tablecloths and Overlays,Specialty,Velvet Loden,Velvet Loden,#B6A899,,,velvetloden.jpg
Tablecloths and Overlays,Specialty,Velvet Merlot,Velvet Merlot,#B6A899,,,velvetmerlot2.jpg
Tablecloths and Overlays,Specialty,Velvet Midnight Blue,Velvet Midnight Blue,#B6A899,,,velvetmidnightblue.jpg
Tablecloths and Overlays,Specialty,Velvet Sapphire,Velvet Sapphire,#B6A899,,,sapphire3.jpg
Tablecloths and Overlays,Specialty,Velvet Spice,Velvet Spice,#B6A899,,,velvetspice.jpg
Tablecloths and Overlays,Specialty,Velvet Taupe,Velvet Taupe,#B6A899,,,luxetaupevelvet1.jpg
Tablecloths and Overlays,Specialty,Verve Black,Verve Black,#B6A899,,,blackverve2.jpg
Tablecloths and Overlays,Specialty,Verve Champagne Gold,Verve Champagne Gold,#B6A899,,,vervechampagne.jpg
Tablecloths and Overlays,Specialty,Verve Chocolate Truffle,Verve Chocolate Truffle,#B6A899,,,vervechocolatetruffle.jpg
Tablecloths and Overlays,Specialty,Verve Ivory,Verve Ivory,#B6A899,,,IvoryVerve.jpg
Tablecloths and Overlays,Specialty,Verve Navy,Verve Navy,#B6A899,,,midnightblueVerve.jpg
Tablecloths and Overlays,Specialty,Verve Pearl,Verve Pearl,#B6A899,,,vervepearl.jpg
Tablecloths and Overlays,Specialty,Water Lily,Water Lily,#B6A899,,,waterlilly.jpg
Tablecloths and Overlays,Specialty,White Black embroidered,White Black embroidered,#B6A899,,,whiteblackembroidered.jpg
Tablecloths and Overlays,Specialty,Willow Gingham Mini Check,Willow Gingham Mini Check,#B6A899,,,willowminiginghamcheck2.jpg
Tablecloths and Overlays,Specialty,Woodland,Woodland,#B6A899,,,Woodlands.jpg
Tablecloths and Overlays,Specialty,Woodland Reverse,Woodland,#B6A899,,yes,swatch6a.jpg
Tablecloths and Overlays,Specialty,Wren Coastal,Wren Coastal,#B6A899,,,coastalwren.jpg
Tablecloths and Overlays,Specialty,Zebra,Zebra,#B6A899,,,swatch16.jpg
Napkins,Classic Solid,Classic Solid Apple,Apple,#7CB342,,,ClassicSolidApple.jpg
Napkins,Classic Solid,Classic Solid Aqua,Aqua,#4DD0C4,,,ClassicSolidAqua.jpg
Napkins,Classic Solid,Classic Solid Black,Black,#20232A,,,ClassicSolidBlack.jpg
Napkins,Classic Solid,Classic Solid Blush,Blush,#D9AFAE,,,ClassicSolidBlush.jpg
Napkins,Classic Solid,Classic Solid Brown,Brown,#6B4A34,,,ClassicSolidBrown.jpg
Napkins,Classic Solid,Classic Solid Burgundy,Burgundy,#6B2737,,,ClassicSolidBurgundy.jpg
Napkins,Classic Solid,Classic Solid Burnt Orange,Burnt Orange,#C1502E,,,NapkinClassicsolidburntorange_r2.jpg
Napkins,Classic Solid,Classic Solid Cafe,Cafe,#5B3A29,,,ClassicSolidCafe.jpg
Napkins,Classic Solid,Classic Solid Camel,Camel,#C19A6B,,,ClassicSolidCamel.jpg
Napkins,Classic Solid,Classic Solid Caribbean Blue,Caribbean Blue,#1CA9C9,,,Napkin_caribbeanblueclassicsolid_r.jpg
Napkins,Classic Solid,Classic Solid Charcoal,Charcoal,#3A3F44,,,ClassicSolidCharcoal.jpg
Napkins,Classic Solid,Classic Solid Citron,Citron,#9FB03A,,,ClassicSolidCitron.jpg
Napkins,Classic Solid,Classic Solid Eggplant,Eggplant,#5B3358,,,ClassicSolidEggplant.jpg
Napkins,Classic Solid,Classic Solid Gold,Gold,#C9A227,,,ClassicSolidGold.jpg
Napkins,Classic Solid,Classic Solid Ivory,Ivory,#F1EEE3,,,ClassicSolidIvory.jpg
Napkins,Classic Solid,Classic Solid Kelly,Kelly,#3E8E4F,,,ClassicSolidKelly.jpg
Napkins,Classic Solid,Classic Solid Light Blue,Light Blue,#A9CCE3,,,ClassicSolidLightBlue.jpg
Napkins,Classic Solid,Classic Solid Lilac,Lilac,#C6A6D6,,,ClassicSolidLilac.jpg
Napkins,Classic Solid,Classic Solid Lime,Lime,#B7D14A,,,ClassicSolidLime.jpg
Napkins,Classic Solid,Classic Solid Maize,Maize,#E8C547,,,ClassicSolidMaize.jpg
Napkins,Classic Solid,Classic Solid Mint,Mint,#9FD8B8,,,ClassicSolidMint.jpg
Napkins,Classic Solid,Classic Solid Moss,Moss,#6B7A4A,,,ClassicSolidMoss.jpg
Napkins,Classic Solid,Classic Solid Navy,Navy,#1F2E4A,,,ClassicSolidNavy.jpg
Napkins,Classic Solid,Classic Solid Periwinkle,Periwinkle,#8B9DDB,,,ClassicSolidPeriwinkle.jpg
Napkins,Classic Solid,Classic Solid Pink,Pink,#E8A6C1,,,ClassicSolidPink.jpg
Napkins,Classic Solid,Classic Solid Purple,Purple,#6C4A9C,,,ClassicSolidPurple.jpg
Napkins,Classic Solid,Classic Solid Raspberry,Raspberry,#9C2B4E,,,ClassicSolidRaspberry.jpg
Napkins,Classic Solid,Classic Solid Red,Red,#B12A2A,,,ClassicSolidRed.jpg
Napkins,Classic Solid,Classic Solid Royal,Royal,#2E4EA6,,,ClassicSolidRoyal.jpg
Napkins,Classic Solid,Classic Solid Sage,Sage,#8A9A7B,,,ClassicSolidSage.jpg
Napkins,Classic Solid,Classic Solid Seamist,Seamist,#8FC1B5,,,ClassicSolidSeamist.jpg
Napkins,Classic Solid,Classic Solid Silver,Silver,#B9BDC1,,,ClassicSolidSilver.jpg
Napkins,Classic Solid,Classic Solid Slate Blue,Slate Blue,#5B7A9D,,,ClassicSolidSlateBlue.jpg
Napkins,Classic Solid,Classic Solid Tan,Tan,#C2A87A,,,ClassicSolidTan.jpg
Napkins,Classic Solid,Classic Solid Tangerine,Tangerine,#E8792E,,,ClassicSolidTangerine.jpg
Napkins,Classic Solid,Classic Solid Teal,Teal,#1B7B7A,,,ClassicSolidTeal.jpg
Napkins,Classic Solid,Classic Solid Turquoise,Turquoise,#2FB6B0,,,ClassicSolidTurquoise.jpg
Napkins,Classic Solid,Classic Solid White,White,#FAFAFA,,,ClassicSolidWhite.jpg
Napkins,Classic Solid,Classic Solid Yellow,Yellow,#EFCB3B,,,ClassicSolidYellow.jpg
Napkins,Imperial Stripe,Imperial Stripe Black (Limited),Black,#20232A,yes,,ImperialStripeBlack.jpg
Napkins,Imperial Stripe,Imperial Stripe Burgundy (Limited),Burgundy,#6B2737,yes,,ImperialStripeBurgundy.jpg
Napkins,Imperial Stripe,Imperial Stripe Forest Green (Limited),Forest Green,#2E5339,yes,,ImperialStripeForestGreen.jpg
Napkins,Imperial Stripe,Imperial Stripe Ivory (Limited),Ivory,#F1EEE3,yes,,ImperialStripeIvory.jpg
Napkins,Imperial Stripe,Imperial Stripe Navy (Limited),Navy,#1F2E4A,yes,,ImperialStripeNavy.jpg
Napkins,Imperial Stripe,Imperial Stripe Red (Limited),Red,#B12A2A,yes,,ImperialStripeRed.jpg
Napkins,Imperial Stripe,Imperial Stripe White (Limited),White,#FAFAFA,yes,,ImperialStripeWhite.jpg
Napkins,Picnic Check,Picnic Check Black,Black,#20232A,,,PicnicCheckBlack.jpg
Napkins,Picnic Check,Picnic Check Blue,Blue,#B6A899,,,PicnicCheckBlue.jpg
Napkins,Picnic Check,Picnic Check Green,Green,#B6A899,,,PicnicCheckGreen.jpg
Napkins,Picnic Check,Picnic Check Red,Red,#B12A2A,,,PicnicCheckRed.jpg
Napkins,Picnic Check,Picnic Check Yellow,Yellow,#EFCB3B,,,PicnicCheckYellow.jpg
Napkins,Picnic Check,Raspberry,Raspberry,#9C2B4E,,,Napkin-RaspberryPicnicCheck2.jpg
Napkins,Shantung,Shantung Avocado,Avocado,#8A9A46,,,NapkinAvocadoShantung3.jpg
Napkins,Shantung,Shantung Avocado Reversed,Avocado,#8A9A46,,yes,NapkinAvocadaShantungreverse3.jpg
Napkins,Shantung,Shantung Black,Black,#20232A,,,ShantungBlack.jpg
Napkins,Shantung,Shantung Burgundy,Burgundy,#6B2737,,,ShantungBurgundy.jpg
Napkins,Shantung,Shantung Burgundy Reversed,Burgundy,#6B2737,,yes,ShantungBurgundyReversed.jpg
Napkins,Shantung,Shantung Cafe,Cafe,#5B3A29,,,ShantungCafe.jpg
Napkins,Shantung,Shantung Cafe Reversed,Cafe,#5B3A29,,yes,ShantungCafeReversed.jpg
Napkins,Shantung,Shantung Charcoal,Charcoal,#3A3F44,,,ShantungCharcoal.jpg
Napkins,Shantung,Shantung Charcoal Reversed,Charcoal,#3A3F44,,yes,ShantungCharcoalReversed.jpg
Napkins,Shantung,Shantung Coral,Coral,#E8836B,,,ShantungBlushRose.jpg
Napkins,Shantung,Shantung Coral Reversed,Coral,#E8836B,,yes,ShantungBlushRoseReversed.jpg
Napkins,Shantung,Shantung Cornsilk,Cornsilk,#F0DFA0,,,ShantungCornsilk.jpg
Napkins,Shantung,Shantung Cornsilk Reversed,Cornsilk,#F0DFA0,,yes,ShantungCornsilkReversed.jpg
Napkins,Shantung,Shantung Emerald,Emerald,#1F8B5C,,,ShantungEmerald.jpg
Napkins,Shantung,Shantung Emerald Reversed,Emerald,#1F8B5C,,yes,ShantungEmeraldReversed.jpg
Napkins,Shantung,Shantung Espresso,Espresso,#4A3728,,,ShantungEspresso.jpg
Napkins,Shantung,Shantung Espresso Reversed,Espresso,#4A3728,,yes,ShantungEspressoReversed.jpg
Napkins,Shantung,Shantung Fern,Fern,#5E8A4C,,,ShantungFern.jpg
Napkins,Shantung,Shantung Fern Reversed,Fern,#5E8A4C,,yes,ShantungFernReversed.jpg
Napkins,Shantung,Shantung Gold,Gold,#C9A227,,,ShantungGold.jpg
Napkins,Shantung,Shantung Gold Reversed,Gold,#C9A227,,yes,ShantungGoldReversed.jpg
Napkins,Shantung,Shantung Ivory,Ivory,#F1EEE3,,,ShantungIvory.jpg
Napkins,Shantung,Shantung Ivory Reversed,Ivory,#F1EEE3,,yes,ShantungIvoryReversed.jpg
Napkins,Shantung,Shantung Light Pink,Light Pink,#B6A899,,,ShantungLightPink.jpg
Napkins,Shantung,Shantung Light Pink Reversed,Light Pink,#B6A899,,yes,ShantungLightPinkReversed.jpg
Napkins,Shantung,Shantung Lilac,Lilac,#C6A6D6,,,ShantungLilac.jpg
Napkins,Shantung,Shantung Lilac Reversed,Lilac,#C6A6D6,,yes,ShantungLilacReversed.jpg
Napkins,Shantung,Shantung Lime,Lime,#B7D14A,,,ShantungLime.jpg
Napkins,Shantung,Shantung Lime Reversed,Lime,#B7D14A,,yes,ShantungLimeReversed.jpg
Napkins,Shantung,Shantung Oatmeal,Oatmeal,#C9BFA5,,,ShantungOatmeal.jpg
Napkins,Shantung,Shantung Oatmeal Reversed,Oatmeal,#C9BFA5,,yes,ShantungOatmealReversed.jpg
Napkins,Shantung,Shantung Plum,Plum,#6B3A5B,,,ShantungPlum.jpg
Napkins,Shantung,Shantung Plum Reversed,Plum,#6B3A5B,,yes,ShantungPlumReversed.jpg
Napkins,Shantung,Shantung Red,Red,#B12A2A,,,ShantungRed.jpg
Napkins,Shantung,Shantung Red Reversed,Red,#B12A2A,,yes,ShantungRedReversed.jpg
Napkins,Shantung,Shantung Royal,Royal,#2E4EA6,,,NapkinRoyalShantung2.jpg
Napkins,Shantung,Shantung Royal Reversed,Royal,#2E4EA6,,yes,NapkinRoyalShantungReverse2.jpg
Napkins,Shantung,Shantung Silver,Silver,#B9BDC1,,,ShantungSilver.jpg
Napkins,Shantung,Shantung Silver Reversed,Silver,#B9BDC1,,yes,ShantungSilverReversed.jpg
Napkins,Shantung,Shantung Slate Blue,Slate Blue,#5B7A9D,,,NapkinSlateShantng2.jpg
Napkins,Shantung,Shantung Slate Reversed,Slate,#B6A899,,yes,NapkinsSlateShantungReverse2.jpg
Napkins,Shantung,Shantung Tangerine,Tangerine,#E8792E,,,ShantungTangerine.jpg
Napkins,Shantung,Shantung Tangerine Reversed,Tangerine,#E8792E,,yes,TangerineShantungReversed2.jpg
Napkins,Shantung,Shantung Teal,Teal,#1B7B7A,,,ShantungTeal.jpg
Napkins,Shantung,Shantung Teal Reversed,Teal,#1B7B7A,,yes,ShantungTealReversed.jpg
Napkins,Shantung,Shantung Turquoise,Turquoise,#2FB6B0,,,ShantungTurquoise.jpg
Napkins,Shantung,Shantung Turquoise Reversed,Turquoise,#2FB6B0,,yes,ShantungTurquoiseReversed.jpg
Napkins,Shantung,Shantung Watermelon,Watermelon,#E85B6E,,,ShantungWatermelon.jpg
Napkins,Shantung,Shantung Watermelon Reversed,Watermelon,#E85B6E,,yes,ShantungWatermelonReversed.jpg
Napkins,Shantung,Shantung Wedgewood,Wedgewood,#5B7EA0,,,ShantungWedgewood.jpg
Napkins,Shantung,Shantung Wedgewood Reversed,Wedgewood,#5B7EA0,,yes,ShantungWedgewoodReversed.jpg
Napkins,Shantung,Shantung White,White,#FAFAFA,,,ShantungWhite.jpg
Napkins,Shantung,Shantung White Reversed,White,#FAFAFA,,yes,WhiteShantungReversed2.jpg
Napkins,Shantung,Shantung Windsor Blue,Windsor Blue,#2E5A8C,,,ShantungWindsorBlue.jpg
Napkins,Shantung,Shantung Windsor Blue Reverse,Windsor Blue,#2E5A8C,,yes,ShantungWindsorBlueReversed.jpg
Napkins,Matte Lamour,Matte Lamour Apple,Apple,#7CB342,,,MatteLamourApple.jpg
Napkins,Matte Lamour,Matte Lamour Black,Black,#20232A,,,MatteLamourBlack.jpg
Napkins,Matte Lamour,Matte Lamour Blossom Pink,Blossom Pink,#E8B7C4,,,MatteLamourBlossomPink.jpg
Napkins,Matte Lamour,Matte Lamour Burgundy,Burgundy,#6B2737,,,MatteLamourBurgundy.jpg
Napkins,Matte Lamour,Matte Lamour Camel,Camel,#C19A6B,,,MatteLamourCamel.jpg
Napkins,Matte Lamour,Matte Lamour Citron,Citron,#9FB03A,,,MatteLamourCitron.jpg
Napkins,Matte Lamour,Matte Lamour Copper,Copper,#B98A3E,,,MatteLamourCopper.jpg
Napkins,Matte Lamour,Matte Lamour Dark Brown,Dark Brown,#3E2A1C,,,MatteLamourDarkBrown.jpg
Napkins,Matte Lamour,Matte Lamour Eggplant,Eggplant,#5B3358,,,MatteLamourEggplant.jpg
Napkins,Matte Lamour,Matte Lamour Emerald,Emerald,#1F8B5C,,,MatteLamourEmerald.jpg
Napkins,Matte Lamour,Matte Lamour Gold,Gold,#C9A227,,,MatteLamourGold.jpg
Napkins,Matte Lamour,Matte Lamour Hot Pink,Hot Pink,#E23E8C,,,MatteLamourHotPink.jpg
Napkins,Matte Lamour,Matte Lamour Hunter,Hunter,#3B5C3B,,,MatteLamourHunter.jpg
Napkins,Matte Lamour,Matte Lamour Ivory,Ivory,#F1EEE3,,,MatteLamourIvory.jpg
Napkins,Matte Lamour,Matte Lamour Lemon,Lemon,#F2E14C,,,MatteLamourLemon.jpg
Napkins,Matte Lamour,Matte Lamour Light Pink,Light Pink,#B6A899,,,MatteLamourLightPink.jpg
Napkins,Matte Lamour,Matte Lamour Lilac,Lilac,#C6A6D6,,,MatteLamourLilac.jpg
Napkins,Matte Lamour,Matte Lamour Lime,Lime,#B7D14A,,,MatteLamourLime.jpg
Napkins,Matte Lamour,Matte Lamour Navy,Navy,#1F2E4A,,,MatteLamourNavy.jpg
Napkins,Matte Lamour,Matte Lamour Orange,Orange,#E8752E,,,MatteLamourOrange.jpg
Napkins,Matte Lamour,Matte Lamour Palest Blue,Palest Blue,#D6E6EF,,,Napkin_palestbluelamour_r.jpg
Napkins,Matte Lamour,Matte Lamour Periwinkle,Periwinkle,#8B9DDB,,,MatteLamourPeriwinkle.jpg
Napkins,Matte Lamour,Matte Lamour Purple,Purple,#6C4A9C,,,MatteLamourPurple.jpg
Napkins,Matte Lamour,Matte Lamour Red,Red,#B12A2A,,,MatteLamourRed.jpg
Napkins,Matte Lamour,Matte Lamour Royal,Royal,#2E4EA6,,,MatteLamourRoyal.jpg
Napkins,Matte Lamour,Matte Lamour Sage,Sage,#8A9A7B,,,MatteLamourSage.jpg
Napkins,Matte Lamour,Matte Lamour Seamist,Seamist,#8FC1B5,,,MatteLamourSeamist.jpg
Napkins,Matte Lamour,Matte Lamour Silver,Silver,#B9BDC1,,,MatteLamourSilver.jpg
Napkins,Matte Lamour,Matte Lamour Slate Blue,Slate Blue,#5B7A9D,,,Napkin_slatebluelamour_r.jpg
Napkins,Matte Lamour,Matte Lamour Teal,Teal,#1B7B7A,,,NapkinLamourtealmatte_r2.jpg
Napkins,Matte Lamour,Matte Lamour Tiffany,Tiffany,#8ED1C4,,,MatteLamourTiffany.jpg
Napkins,Matte Lamour,Matte Lamour Turquoise,Turquoise,#2FB6B0,,,MatteLamourTurquoise.jpg
Napkins,Matte Lamour,Matte Lamour White,White,#FAFAFA,,,MatteLamourWhite.jpg
Napkins,Matte Lamour,Raspberry Matte Lamour,Raspberry Matte Lamour,#B6A899,,,Napkin-RaspberryLamour2.jpg
Napkins,Serenity,Serenity Coastal,Coastal,#4E8CA0,,,Serenity-Coastalnapkins2.jpg
Napkins,Serenity,Serenity Desert Rose,Desert Rose,#C98A93,,,SerenityDesertRose.jpg
Napkins,Serenity,Serenity Driftwood,Driftwood,#B8A585,,,Serenity-Driftwoodnapkin3.jpg
Napkins,Serenity,Serenity Willow,Willow,#8FA07A,,,WillowserenitynapkinA2.jpg
Napkins,Bengaline,Bengaline Brown (Limited),Brown,#6B4A34,yes,,BengalineBrown.jpg
Napkins,Bengaline,Bengaline Buttercup (Limited),Buttercup,#F2D14C,yes,,BengalineButtercup.jpg
Napkins,Bengaline,Bengaline Cerise Pink (Limited),Cerise Pink,#D6336C,yes,,BengalineCerisePink.jpg
Napkins,Bengaline,Bengaline Charcoal (Limited),Charcoal,#3A3F44,yes,,BengalineCharcoal.jpg
Napkins,Bengaline,Bengaline Ivory Cream (Limited),Ivory Cream,#F5EFD9,yes,,BengalineIvoryCream.jpg
Napkins,Bengaline,Bengaline Jet Black (Limited),Jet Black,#0F1113,yes,,BengalineJetBlack.jpg
Napkins,Bengaline,Bengaline Lavender Steel (Limited),Lavender Steel,#A79BC4,yes,,BengalineLavenderSteel.jpg
Napkins,Bengaline,Bengaline Mango (Limited),Mango,#F2A33C,yes,,BengalineMango.jpg
Napkins,Bengaline,Bengaline Pea Green (Limited),Pea Green,#8AA83E,yes,,BengalinePeaGreen.jpg
Napkins,Bengaline,Bengaline Red (Limited),Red,#B12A2A,yes,,BengalineRed.jpg
Napkins,Bengaline,Bengaline Silverado (Limited),Silverado,#C7C7C7,yes,,BengalineSilverado.jpg
Napkins,Bengaline,Bengaline Spiced Cider (Limited),Spiced Cider,#8A4A2E,yes,,BengalineSpicedCider.jpg
Napkins,Bengaline,Bengaline Taupe (Limited),Taupe,#B6A08A,yes,,BengalineTaupe.jpg
Napkins,Bengaline,Bengaline Ultra Burgundy (Limited),Ultra Burgundy,#5C1F2E,yes,,BengalineUltraBurgundy.jpg
Napkins,Bengaline,Bengaline Ultra White (Limited),Ultra White,#FFFFFF,yes,,BengalineUltraWhite.jpg
Napkins,Bengaline,Bengaline Victorian Gold (Limited),Victorian Gold,#B8933E,yes,,BengalineVictorianGold.jpg
Napkins,Soiree,Soiree Black,Black,#20232A,,,SoireeBlack.jpg
Napkins,Soiree,Soiree Blush,Blush,#D9AFAE,,,SoireeBlush.jpg
Napkins,Soiree,Soiree Celery,Celery,#B7C77A,,,SoireeCelery.jpg
Napkins,Soiree,Soiree Champagne,Champagne,#E9D9B0,,,SoireeChampagne.jpg
Napkins,Soiree,Soiree Eggplant,Eggplant,#5B3358,,,SoireeEggplant.jpg
Napkins,Soiree,Soiree Gold,Gold,#C9A227,,,SoireeGold.jpg
Napkins,Soiree,Soiree Ivory,Ivory,#F1EEE3,,,SoireeIvory.jpg
Napkins,Soiree,Soiree Papaya,Papaya,#E8945E,,,SoireePapaya.jpg
Napkins,Soiree,Soiree Silver,Silver,#B9BDC1,,,SoireeSilver.jpg
Napkins,Soiree,Soiree White,White,#FAFAFA,,,SoireeWhite.jpg
Napkins,Bichon Crush,Bichon Crush Black (Limited),Black,#20232A,yes,,BichonCrushBlack.jpg
Napkins,Bichon Crush,Bichon Crush Burgundy (Limited),Burgundy,#6B2737,yes,,BichonCrushBurgundy.jpg
Napkins,Bichon Crush,Bichon Crush Champagne Gold (Limited),Champagne Gold,#D4AF6A,yes,,BichonCrushChampagneGold.jpg
Napkins,Bichon Crush,Bichon Crush Copper (Limited),Copper,#B98A3E,yes,,BichonCrushCopper.jpg
Napkins,Bichon Crush,Bichon Crush Ivory (Limited),Ivory,#F1EEE3,yes,,BichonCrushIvory.jpg
Napkins,Bichon Crush,Bichon Crush Paprika (Limited),Paprika,#A8462E,yes,,BichonCrushPaprika.jpg
Napkins,Bichon Crush,Bichon Crush Red (Limited),Red,#B12A2A,yes,,BichonCrushRed.jpg
Napkins,Bichon Crush,Bichon Crush Royal (Limited),Royal,#2E4EA6,yes,,BichonCrushRoyal.jpg
Napkins,Bichon Crush,Bichon Crush Silver (Limited),Silver,#B9BDC1,yes,,BichonCrushSilver.jpg
Napkins,Bichon Crush,Bichon Crush Taupe (Limited),Taupe,#B6A08A,yes,,BichonCrushTaupe.jpg
Napkins,Bichon Crush,Bichon Crush Violet Green (Limited),Violet Green,#5A7A4A,yes,,BichonCrushVioletGreen.jpg
Napkins,Bichon Crush,Bichon Crush White (Limited),White,#FAFAFA,yes,,BichonCrushWhite.jpg
Napkins,Jute,Jute Apricot,Apricot,#B6A899,,,Jute-apricotA2.jpg
Napkins,Jute,Jute Beige,Beige,#D9C7A3,,,JuteBeige.jpg
Napkins,Jute,Jute Black,Black,#20232A,,,NapkinJuteBlack_r2.jpg
Napkins,Jute,Jute Burlap,Burlap,#B8985E,,,JuteBurlap.jpg
Napkins,Jute,Jute Crimson,Crimson,#8B1E2E,,,Jute-crimsonA2.jpg
Napkins,Jute,Jute Denim,Denim,#3A5B7A,,,JuteDenim.jpg
Napkins,Jute,Jute Dove,Dove,#C9C6C0,,,JuteDove.jpg
Napkins,Jute,Jute English Rose,English Rose,#C77A8B,,,Jute-EnglishroseA2.jpg
Napkins,Jute,Jute Ivory,Ivory,#F1EEE3,,,JuteIvory.jpg
Napkins,Jute,Jute Lime,Lime,#B7D14A,,,NapkinLimeJute2.jpg
Napkins,Jute,Jute Lipstick,Lipstick,#B8244F,,,JuteLipstickPink.jpg
Napkins,Jute,Jute Peach,Peach,#F0B08A,,,JutePeach.jpg
Napkins,Jute,Jute Plum,Plum,#6B3A5B,,,JutePlum.jpg
Napkins,Jute,Jute Poppy,Poppy,#D6432E,,,JutePoppy.jpg
Napkins,Jute,Jute Stone,Stone,#A8A093,,,JuteStone.jpg
Napkins,Jute,Jute White,White,#FAFAFA,,,JuteWhite.jpg
Napkins,Specialty,Abstract Geometric,Abstract Geometric,#B6A899,,,SpecialtyAbstractGeometric.jpg
Napkins,Specialty,Amalfi Hunter,Amalfi Hunter,#B6A899,,,NapkinAmalfiHunter2.jpg
Napkins,Specialty,Amalfi Sapphire,Amalfi Sapphire,#B6A899,,,SpecialtySapphireAmalfi.jpg
Napkins,Specialty,Amber Matrix,Amber Matrix,#B6A899,,,Napkin_ambermatrix_r.jpg
Napkins,Specialty,Americana,Americana,#B6A899,,,SpecialtyAmericana.jpg
Napkins,Specialty,Amondine Black on White,Amondine Black on White,#B6A899,,,SpecialtyAmondineBlackonWhite.jpg
Napkins,Specialty,Apple Cabana Stripe,Apple Cabana Stripe,#B6A899,,,SpecialtyAppleCabanaStripe2.jpg
Napkins,Specialty,Apple Gingham Mini Check,Apple Gingham Mini Check,#B6A899,,,Napkin_appleminiginghamcheck_r.jpg
Napkins,Specialty,Aqua Gingham Mini Check,Aqua Gingham Mini Check,#B6A899,,,Napkin_aquaminigimghamcheck_r.jpg
Napkins,Specialty,Aurora Ivory,Aurora Ivory,#B6A899,,,NapkinAuroraIvory3.jpg
Napkins,Specialty,Aurora White,Aurora White,#B6A899,,,NapkinAuroraWhite3.jpg
Napkins,Specialty,Bandana,Bandana,#B6A899,,,SpecialtyBandana.jpg
Napkins,Specialty,Bark Citron,Bark Citron,#B6A899,,,SpecialtyBarkCitron.jpg
Napkins,Specialty,Bark Midnight,Bark Midnight,#B6A899,,,SpecialtyBarkMidnight.jpg
Napkins,Specialty,Bark Slate Blue,Bark Slate Blue,#B6A899,,,SpecialtyBarkSlateBlue.jpg
Napkins,Specialty,Bauhaus,Bauhaus,#B6A899,,,Napkin-Bauhaus2.jpg
Napkins,Specialty,Black Racing Check,Black Racing Check,#B6A899,,,SpecialtyBlackRacingCheck.jpg
Napkins,Specialty,Black with White Trim,Black with White Trim,#B6A899,,,Napkin_blackwithwhitetrim_r.jpg
Napkins,Specialty,Blossom Plaid,Blossom Plaid,#B6A899,,,BlossomPlaidnapkin2.jpg
Napkins,Specialty,Brushstroke,Brushstroke,#B6A899,,,NapkinsBrushstrokes3.jpg
Napkins,Specialty,Buffalo Check Red,Buffalo Check Red,#B6A899,,,SpecialtyBuffaloRedCheck.jpg
Napkins,Specialty,Buffalo Check Taupe,Buffalo Check Taupe,#B6A899,,,SpecialtyBuffaloTaupeCheck.jpg
Napkins,Specialty,Cairns,Cairns,#B6A899,,,NapkinCairns2.jpg
Napkins,Specialty,Calypso,Calypso,#B6A899,,,CalypsoA2.jpg
Napkins,Specialty,Cambric,Cambric,#B6A899,,,SpecialtyCambric.jpg
Napkins,Specialty,Cheetah,Cheetah,#B6A899,,,SpecialtyCheetah.jpg
Napkins,Specialty,Chevron Lime,Chevron Lime,#B6A899,,,SpecialtyChevronLime2.jpg
Napkins,Specialty,Chevron Navy,Chevron Navy,#B6A899,,,SpecialtyChevronNavy2.jpg
Napkins,Specialty,Chevron Silver,Chevron Silver,#B6A899,,,SpecialtyChevronSilver.jpg
Napkins,Specialty,Cosmopolitan,Cosmopolitan,#B6A899,,,SpecialtyCosmopolitan.jpg
Napkins,Specialty,Dogwood,Dogwood,#B6A899,,,SpecialtyDogwood2.jpg
Napkins,Specialty,Echo Jade,Echo Jade,#B6A899,,,JadeEchoA2.jpg
Napkins,Specialty,Echo Lumier,Echo Lumier,#B6A899,,,EchoLumierA2.jpg
Napkins,Specialty,Echo Noir,Echo Noir,#B6A899,,,EchoNoirA2.jpg
Napkins,Specialty,Echo Rouge,Echo Rouge,#B6A899,,,EchoRougeA2.jpg
Napkins,Specialty,Federal Blue Granite,Federal Blue Granite,#B6A899,,,SpecialtyFederalBlueGranite.jpg
Napkins,Specialty,Florence,Florence,#B6A899,,,NapkinFlorence_r2.jpg
Napkins,Specialty,Garden Floral,Garden Floral,#B6A899,,,NapkinGardenFloral2.jpg
Napkins,Specialty,Gatsby,Gatsby,#B6A899,,,SpecialtyGatsby.jpg
Napkins,Specialty,Geometric Gold Foil,Geometric Gold Foil,#B6A899,,,SpecialtyGeometricFoilGold.jpg
Napkins,Specialty,Geometric Silver Foil,Geometric Silver Foil,#B6A899,,,SpecialtyGeometricFoilSilver.jpg
Napkins,Specialty,Giraffe,Giraffe,#B6A899,,,Napkin-Giraffe2.jpg
Napkins,Specialty,Gold Gingham Mini Check,Gold Gingham Mini Check,#B6A899,,,Napkin_goldminiginghamcheck_r.jpg
Napkins,Specialty,Hampton Botanical Apple,Hampton Botanical Apple,#B6A899,,,NapkinHamptonBotanicalApple2.jpg
Napkins,Specialty,Hampton Botanical Rosé,Hampton Botanical Rosé,#B6A899,,,NapkinsHamptonBotanicalros233;2.jpg
Napkins,Specialty,Hampton Stripe Apple,Hampton Stripe Apple,#B6A899,,,NapkinsHamptonStripeApple2.jpg
Napkins,Specialty,Hampton Stripe Coastal,Hampton Stripe Coastal,#B6A899,,,NapkinHamptonStripeCoastal.jpg
Napkins,Specialty,Hampton Stripe Rosé,Hampton Stripe Rosé,#B6A899,,,NapkinsHamptonStriperos233;2.jpg
Napkins,Specialty,Harmony Dusty Rose,Harmony Dusty Rose,#B6A899,,,SpecialtyDustyRoseHarmony.jpg
Napkins,Specialty,Harmony English Rose,Harmony English Rose,#B6A899,,,Napkin_englishroseharmony_r.jpg
Napkins,Specialty,Harmony Ivory,Harmony Ivory,#B6A899,,,Napkin_ivoryharmony_r.jpg
Napkins,Specialty,Harmony Navy,Harmony Navy,#B6A899,,,Napkin_navyharmony_r.jpg
Napkins,Specialty,Harmony Sage,Harmony Sage,#B6A899,,,Napkin_sageharmony_r.jpg
Napkins,Specialty,Harmony Sand,Harmony Sand,#B6A899,,,SpecialtySandHarmony.jpg
Napkins,Specialty,Harmony Seamist,Harmony Seamist,#B6A899,,,SpecialtySeamistHarmony.jpg
Napkins,Specialty,Harmony white,Harmony white,#B6A899,,,Napkin_whiteharmony_r.jpg
Napkins,Specialty,Helena Apple,Helena Apple,#B6A899,,,ApplegreenheienanapkinA2.jpg
Napkins,Specialty,Helena Blue,Helena Blue,#B6A899,,,SpecialtyHelenaBlue.jpg
Napkins,Specialty,Helena Orange,Helena Orange,#B6A899,,,SpecialtyHelenaOrange.jpg
Napkins,Specialty,Hemstitch Blush,Hemstitch Blush,#B6A899,,,HemstichblushA2.jpg
Napkins,Specialty,Hemstitch Cafe,Hemstitch Cafe,#B6A899,,,HemstichcafeA2.jpg
Napkins,Specialty,Hemstitch Charcoal,Hemstitch Charcoal,#B6A899,,,HemstichcharcoalA2.jpg
Napkins,Specialty,Hemstitch White,Hemstitch White,#B6A899,,,SpecialtyHemstitched2.jpg
Napkins,Specialty,Holiday Plaid,Holiday Plaid,#B6A899,,,SpecialtyHolidayPlaid.jpg
Napkins,Specialty,Holly,Holly,#B6A899,,,HollynapkinA2.jpg
Napkins,Specialty,Houndstooth Black,Houndstooth Black,#B6A899,,,SpecialtyBlackHoundstooth.jpg
Napkins,Specialty,Indigo,Indigo,#B6A899,,,NaokinIndigoBloom_r2.jpg
Napkins,Specialty,Ivory with Apple Trim,Ivory with Apple Trim,#B6A899,,,Napkin_Ivorywithapple_r.jpg
Napkins,Specialty,Juliette's Palette,Juliette's Palette,#B6A899,,,SpecialtyJuliettesPalette.jpg
Napkins,Specialty,Key West,Key West,#B6A899,,,Napkin-KeyWest2.jpg
Napkins,Specialty,Kiwi Palazzo,Kiwi Palazzo,#B6A899,,,SpecialtyKiwiPalazzo.jpg
Napkins,Specialty,Kringle,Kringle,#B6A899,,,CringkenapkinA2.jpg
Napkins,Specialty,Laguna,Laguna,#B6A899,,,SpecialtyLaguna.jpg
Napkins,Specialty,Lilac Gingham Mini Check,Lilac Gingham Mini Check,#B6A899,,,Napkin_lilacminiginghamcheck_r.jpg
Napkins,Specialty,Lorelei,Lorelei,#B6A899,,,SpecialtyLorelei.jpg
Napkins,Specialty,Lucia,Lucia,#B6A899,,,Napkin_Lucia_r.jpg
Napkins,Specialty,Matrix Burnt Orange,Matrix Burnt Orange,#B6A899,,,Napkin-MatrixburntOrange2.jpg
Napkins,Specialty,Metropolitan Concrete,Metropolitan Concrete,#B6A899,,,SpecialtyMetropolitanConcrete.jpg
Napkins,Specialty,Metropolitan Natural,Metropolitan Natural,#B6A899,,,SpecialtyMetropolitanNatural.jpg
Napkins,Specialty,Midas Travertine,Midas Travertine,#B6A899,,,SpecialtyMidasTravertine.jpg
Napkins,Specialty,Mirage Cloud,Mirage Cloud,#B6A899,,,Napkin-MirageCloud2.jpg
Napkins,Specialty,Mirage Hazel,Mirage Hazel,#B6A899,,,Napkin-MirageHazel2.jpg
Napkins,Specialty,Mirage Honey,Mirage Honey,#B6A899,,,Napkin-MirageHoney2.jpg
Napkins,Specialty,Mirage Sandstone,Mirage Sandstone,#B6A899,,,Napkin_sandstone_r.jpg
Napkins,Specialty,Mirage Tide,Mirage Tide,#B6A899,,,Napkin-MirageTide2.jpg
Napkins,Specialty,Mirage Vanilla,Mirage Vanilla,#B6A899,,,Napkin-MirageVanilla2.jpg
Napkins,Specialty,Montauk,Montauk,#B6A899,,,SpecialtyMontauk.jpg
Napkins,Specialty,Mystic,Mystic,#B6A899,,,SpecialtyMystic.jpg
Napkins,Specialty,Nadia,Nadia,#B6A899,,,NapkinNadia2.jpg
Napkins,Specialty,Nantucket,Nantucket,#B6A899,,,NapkinNantucket_r2.jpg
Napkins,Specialty,Napa Blue,Napa Blue,#B6A899,,,SpecialtyNapaBlue.jpg
Napkins,Specialty,Napa Orange,Napa Orange,#B6A899,,,SpecialtyNapaOrange.jpg
Napkins,Specialty,Navy Ember,Navy Ember,#B6A899,,,Napkin-NavyEmber2.jpg
Napkins,Specialty,Navy Gingham Mini Check,Navy Gingham Mini Check,#B6A899,,,Napkin_Navyminiginghamcheck_r.jpg
Napkins,Specialty,Phoebe,Phoebe,#B6A899,,,NapkinsPhoebe2.jpg
Napkins,Specialty,Pink Gingham Mini Check,Pink Gingham Mini Check,#B6A899,,,Napkin_PinkminiGimghamcheck_r.jpg
Napkins,Specialty,Polka Dots Black with White,Polka Dots Black with White,#B6A899,,,SpecialtyBlackwithWhitePolkaDots.jpg
Napkins,Specialty,Polka Dots Lime with White,Polka Dots Lime with White,#B6A899,,,SpecialtyLimewithWhitePolkaDots2.jpg
Napkins,Specialty,Polka Dots Red with White,Polka Dots Red with White,#B6A899,,,SpecialtyRedwithWhitePolkaDots.jpg
Napkins,Specialty,Polka Dots White with Black,Polka Dots White with Black,#B6A899,,,SpecialtyWhitewithBlackPolkaDots.jpg
Napkins,Specialty,Purple Gingham,Purple Gingham,#B6A899,,,SpecialtyPurpleGingham.jpg
Napkins,Specialty,Red Gingham Mini Check,Red Gingham Mini Check,#B6A899,,,Napkin_redminiginghamcheck_r.jpg
Napkins,Specialty,Retro Vintage,Retro Vintage,#B6A899,,,SpecialtyRetroVintage2.jpg
Napkins,Specialty,Romeo,Romeo,#B6A899,,,SpecialtyRomeo.jpg
Napkins,Specialty,Santorini,Santorini,#B6A899,,,SpecialtySantorini.jpg
Napkins,Specialty,Savannah Vintage Blossom (Limited),Savannah Vintage Blossom,#B6A899,yes,,SpecialtySavannahBlossom.jpg
Napkins,Specialty,Savannah Vintage Lilac - LIMITED,Savannah Vintage Lilac,#B6A899,yes,,SpecialtySavannahLilac.jpg
Napkins,Specialty,Sedona,Sedona,#B6A899,,,NapkinSedona2.jpg
Napkins,Specialty,Sedona Succelent,Sedona Succelent,#B6A899,,,NapkinSedonaSuccelent2.jpg
Napkins,Specialty,Silhouette,Silhouette,#B6A899,,,SpecialtySilhouette.jpg
Napkins,Specialty,Snow Leopard,Snow Leopard,#B6A899,,,SpecialtySnowLeopard.jpg
Napkins,Specialty,Somerset Gold Damask (Limited),Somerset Gold Damask,#B6A899,yes,,SpecialtySomersetDamaskGold.jpg
Napkins,Specialty,Somerset Ivory Damask (Limited),Somerset Ivory Damask,#B6A899,yes,,SpecialtySomersetDamaskIvory.jpg
Napkins,Specialty,Somerset Purple Damask (Limited),Somerset Purple Damask,#B6A899,yes,,SpecialtySomersetDamaskPurple.jpg
Napkins,Specialty,Somerset White Damask (Limited),Somerset White Damask,#B6A899,yes,,SpecialtySomersetDamaskWhite.jpg
Napkins,Specialty,Sonoma Stripe Blue,Sonoma Stripe Blue,#B6A899,,,SpecialtySonomaStripeBlue.jpg
Napkins,Specialty,Sonoma Stripe Orange,Sonoma Stripe Orange,#B6A899,,,SpecialtySonomaStripeOrange.jpg
Napkins,Specialty,Spiro,Spiro,#B6A899,,,SpecialtySpiro.jpg
Napkins,Specialty,Splash,Splash,#B6A899,,,Napkin-Splash2.jpg
Napkins,Specialty,Stripe Black and White,Stripe Black and White,#B6A899,,,SpecialtyStripeBlackandWhite.jpg
Napkins,Specialty,Stripe Navy and White,Stripe Navy and White,#B6A899,,,SpecialtyStripeNavyandWhite.jpg
Napkins,Specialty,Stripe Red and White,Stripe Red and White,#B6A899,,,SpecialtyStripeRedandWhite.jpg
Napkins,Specialty,Tie Dye,Tie Dye,#B6A899,,,SpecialtyTyeDye.jpg
Napkins,Specialty,Tiger,Tiger,#B6A899,,,SpecialtyTiger.jpg
Napkins,Specialty,Turquoise Gingham Mini Check,Turquoise Gingham Mini Check,#B6A899,,,Napkin_turquoiseminiginghamcheck_r.jpg
Napkins,Specialty,Velvet Black,Velvet Black,#B6A899,,,SpecialtyVelvetBlack.jpg
Napkins,Specialty,Velvet Champagne Gold,Velvet Champagne Gold,#B6A899,,,NapkinGoldVelvet_r2.jpg
Napkins,Specialty,Velvet Charcoal,Velvet Charcoal,#B6A899,,,SpecialtyVelvetCharcoal2.jpg
Napkins,Specialty,Velvet Glacier Gray,Velvet Glacier Gray,#B6A899,,,SpecialtyVelvetGlacierGray2.jpg
Napkins,Specialty,Velvet Hunter,Velvet Hunter,#B6A899,,,SpecialtyVelvetHunter.jpg
Napkins,Specialty,Velvet Ice Pink,Velvet Ice Pink,#B6A899,,,SpecialtyVelvetIcePink.jpg
Napkins,Specialty,Velvet Ivory,Velvet Ivory,#B6A899,,,NapkinIvoryVelvet_r2.jpg
Napkins,Specialty,Velvet Lavender,Velvet Lavender,#B6A899,,,Napkin_lavendervelvet_r.jpg
Napkins,Specialty,Velvet Loden,Velvet Loden,#B6A899,,,NapkinLodenVelvet_r2.jpg
Napkins,Specialty,Velvet Merlot,Velvet Merlot,#B6A899,,,SpecialtyVelvetMerlot.jpg
Napkins,Specialty,Velvet Midnight Blue,Velvet Midnight Blue,#B6A899,,,SpecialtyVelvetMidnightBlue2.jpg
Napkins,Specialty,Velvet Sapphire,Velvet Sapphire,#B6A899,,,Napkin_saphirevelvet_r.jpg
Napkins,Specialty,Velvet Spice,Velvet Spice,#B6A899,,,NapkinsSpicedVelvet2.jpg
Napkins,Specialty,Verve Black,Verve Black,#B6A899,,,NapkinVerveblack_r2.jpg
Napkins,Specialty,Verve Champagne Gold,Verve Champagne Gold,#B6A899,,,SpecialtyChampagneGoldVerve.jpg
Napkins,Specialty,Verve Chocolate Truffle,Verve Chocolate Truffle,#B6A899,,,NapkinChocolateTruffleVerve2.jpg
Napkins,Specialty,Verve Ivory,Verve Ivory,#B6A899,,,SpecialtyIvoryVerve.jpg
Napkins,Specialty,Verve Navy,Verve Navy,#B6A899,,,Napkinvervenavy_r2.jpg
Napkins,Specialty,Verve Pearl,Verve Pearl,#B6A899,,,Napkin-PearlVerve23.jpg
Napkins,Specialty,Water Lily,Water Lily,#B6A899,,,NapkinWaterLily2.jpg
Napkins,Specialty,White Linen Bistro,White Linen Bistro,#B6A899,,,SpecialtyWhiteLinenBistro.jpg
Napkins,Specialty,White with Aqua Border,White with Aqua Border,#B6A899,,,SpecialtyWhitewithAquaBorder.jpg
Napkins,Specialty,White with Black Trim,White with Black Trim,#B6A899,,,Napkin_whitewithblacktrim_r.jpg
Napkins,Specialty,White with Navy Border,White with Navy Border,#B6A899,,,SpecialtyWhitewithNavyBorder.jpg
Napkins,Specialty,Willow Gingham Mini Check,Willow Gingham Mini Check,#B6A899,,,NapkinWillowginghamminicheck_r2.jpg
Napkins,Specialty,Woodland,Woodland,#B6A899,,,SpecialtyWoodland.jpg
Napkins,Specialty,Wren Coastal,Wren Coastal,#B6A899,,,Napkin_wrencoastal_r.jpg
Napkins,Specialty,Zebra,Zebra,#B6A899,,,SpecialtyZebra.jpg
Table Runners,Classic Solid,Caribbean,Caribbean,#B6A899,,,Runner-CaribbeanClassicSolid.jpg
Table Runners,Classic Solid,Classic Solid Apple,Apple,#7CB342,,,ClassicSolidApple.jpg
Table Runners,Classic Solid,Classic Solid Aqua,Aqua,#4DD0C4,,,ClassicSolidAqua.jpg
Table Runners,Classic Solid,Classic Solid Black,Black,#20232A,,,ClassicSolidBlack.jpg
Table Runners,Classic Solid,Classic Solid Blush,Blush,#D9AFAE,,,ClassicSolidBlush.jpg
Table Runners,Classic Solid,Classic Solid Brown,Brown,#6B4A34,,,ClassicSolidBrown.jpg
Table Runners,Classic Solid,Classic Solid Burgundy,Burgundy,#6B2737,,,ClassicSolidBurgundy.jpg
Table Runners,Classic Solid,Classic Solid Burnt Orange,Burnt Orange,#C1502E,,,ClassicSolidBurntOrange.jpg
Table Runners,Classic Solid,Classic Solid Cafe,Cafe,#5B3A29,,,ClassicSolidCafe.jpg
Table Runners,Classic Solid,Classic Solid Camel,Camel,#C19A6B,,,ClassicSolidCamel.jpg
Table Runners,Classic Solid,Classic Solid Charcoal,Charcoal,#3A3F44,,,ClassicSolidCharcoal.jpg
Table Runners,Classic Solid,Classic Solid Citron,Citron,#9FB03A,,,ClassicSolidCitron.jpg
Table Runners,Classic Solid,Classic Solid Dusty Rose,Dusty Rose,#C98A93,,,ClassicSolidDustyRose.jpg
Table Runners,Classic Solid,Classic Solid Eggplant,Eggplant,#5B3358,,,ClassicSolidEggplant.jpg
Table Runners,Classic Solid,Classic Solid Forest Green,Forest Green,#2E5339,,,ClassicSolidForestGreen.jpg
Table Runners,Classic Solid,Classic Solid Gold,Gold,#C9A227,,,ClassicSolidGold.jpg
Table Runners,Classic Solid,Classic Solid Ivory,Ivory,#F1EEE3,,,IvoryClassic2.jpg
Table Runners,Classic Solid,Classic Solid Kelly,Kelly,#3E8E4F,,,ClassicSolidKelly.jpg
Table Runners,Classic Solid,Classic Solid Light Blue,Light Blue,#A9CCE3,,,ClassicSolidLightBlue.jpg
Table Runners,Classic Solid,Classic Solid Lilac,Lilac,#C6A6D6,,,ClassicSolidLilac.jpg
Table Runners,Classic Solid,Classic Solid Lime,Lime,#B7D14A,,,LimeClassicSolid2.jpg
Table Runners,Classic Solid,Classic Solid Mint,Mint,#9FD8B8,,,ClassicSolidMint.jpg
Table Runners,Classic Solid,Classic Solid Moss,Moss,#6B7A4A,,,ClassicSolidMoss.jpg
Table Runners,Classic Solid,Classic Solid Navy,Navy,#1F2E4A,,,ClassicSolidNavy.jpg
Table Runners,Classic Solid,Classic Solid Periwinkle,Periwinkle,#8B9DDB,,,PerwinkleClassic_r2.jpg
Table Runners,Classic Solid,Classic Solid Pink,Pink,#E8A6C1,,,ClassicSolidPink.jpg
Table Runners,Classic Solid,Classic Solid Purple,Purple,#6C4A9C,,,ClassicSolidPurple.jpg
Table Runners,Classic Solid,Classic Solid Raspberry,Raspberry,#9C2B4E,,,ClassicSolidRaspberry.jpg
Table Runners,Classic Solid,Classic Solid Red,Red,#B12A2A,,,ClassicSolidRed.jpg
Table Runners,Classic Solid,Classic Solid Royal,Royal,#2E4EA6,,,ClassicSolidRoyal.jpg
Table Runners,Classic Solid,Classic Solid Sage,Sage,#8A9A7B,,,ClassicSolidSage.jpg
Table Runners,Classic Solid,Classic Solid Seamist,Seamist,#8FC1B5,,,SeamistClassic_r2.jpg
Table Runners,Classic Solid,Classic Solid Silver,Silver,#B9BDC1,,,ClassicSolidSilver.jpg
Table Runners,Classic Solid,Classic Solid Slate Blue,Slate Blue,#5B7A9D,,,ClassicSolidSlateBlue.jpg
Table Runners,Classic Solid,Classic Solid Tan,Tan,#C2A87A,,,ClassicSolidTan.jpg
Table Runners,Classic Solid,Classic Solid Tangerine,Tangerine,#E8792E,,,ClassicSolidTangerine.jpg
Table Runners,Classic Solid,Classic Solid Teal,Teal,#1B7B7A,,,ClassicSolidTeal.jpg
Table Runners,Classic Solid,Classic Solid Turquoise,Turquoise,#2FB6B0,,,ClassicSolidTurquoise.jpg
Table Runners,Classic Solid,Classic Solid White,White,#FAFAFA,,,ClassicSolidWhite.jpg
Table Runners,Classic Solid,Classic Solid Yellow,Yellow,#EFCB3B,,,ClassicSolidYellow.jpg
Table Runners,Classic Solid,Coral,Coral,#E8836B,,,Runner-CoralClassicSolid.jpg
Table Runners,Classic Solid,Dusty Rose,Dusty Rose,#C98A93,,,Runner-DustRoseClassicSolid.jpg
Table Runners,Classic Solid,Forest Green,Forest Green,#2E5339,,,Runner-ForrestClassicSolid.jpg
Table Runners,Classic Solid,Maize,Maize,#E8C547,,,Runner-MaizeClassicSolid.jpg
Table Runners,Picnic Check,Picnic Check Black,Black,#20232A,,,PicnicCheckBlack.jpg
Table Runners,Picnic Check,Picnic Check Blue,Blue,#B6A899,,,PicnicCheckBlue.jpg
Table Runners,Picnic Check,Picnic Check Green,Green,#B6A899,,,PicnicCheckGreen.jpg
Table Runners,Picnic Check,Picnic Check Red,Red,#B12A2A,,,PicnicCheckRed.jpg
Table Runners,Picnic Check,Picnic Check Yellow,Yellow,#EFCB3B,,,PicnicCheckYellow.jpg
Table Runners,Picnic Check,Raspberry Picnic Check,Raspberry Picnic Check,#B6A899,,,Runner-RaspberryPicnicCheck.jpg
Table Runners,Shantung,Avocado Shantung,Avocado Shantung,#B6A899,,,Runnershauntungavocado_r2.jpg
Table Runners,Shantung,Shantung Black,Black,#20232A,,,ShantungBlack.jpg
Table Runners,Shantung,Shantung Burgundy,Burgundy,#6B2737,,,ShantungBurgundy.jpg
Table Runners,Shantung,Shantung Cafe,Cafe,#5B3A29,,,ShantungCafe.jpg
Table Runners,Shantung,Shantung Charcoal,Charcoal,#3A3F44,,,ShantungCharcoal.jpg
Table Runners,Shantung,Shantung Coral,Coral,#E8836B,,,ShantungBlushRose.jpg
Table Runners,Shantung,Shantung Cornsilk,Cornsilk,#F0DFA0,,,ShantungCornsilk.jpg
Table Runners,Shantung,Shantung Emerald,Emerald,#1F8B5C,,,EmeraldShantung2.jpg
Table Runners,Shantung,Shantung Espresso,Espresso,#4A3728,,,ShantungEspresso.jpg
Table Runners,Shantung,Shantung Fern,Fern,#5E8A4C,,,ShantungFern.jpg
Table Runners,Shantung,Shantung Gold,Gold,#C9A227,,,ShantungGold.jpg
Table Runners,Shantung,Shantung Ivory,Ivory,#F1EEE3,,,IvoryShantung2.jpg
Table Runners,Shantung,Shantung Light Pink,Light Pink,#B6A899,,,ShantungLightPink.jpg
Table Runners,Shantung,Shantung Lilac,Lilac,#C6A6D6,,,ShantungLilac.jpg
Table Runners,Shantung,Shantung Lime,Lime,#B7D14A,,,LimeShantung2.jpg
Table Runners,Shantung,Shantung Oatmeal,Oatmeal,#C9BFA5,,,ShantungOatmeal.jpg
Table Runners,Shantung,Shantung Plum,Plum,#6B3A5B,,,ShantungPlum.jpg
Table Runners,Shantung,Shantung Red,Red,#B12A2A,,,ShantungRed.jpg
Table Runners,Shantung,Shantung Royal,Royal,#2E4EA6,,,RunnerRoyalShantung_r2.jpg
Table Runners,Shantung,Shantung Silver,Silver,#B9BDC1,,,ShantungSilver.jpg
Table Runners,Shantung,Shantung Slate Blue,Slate Blue,#5B7A9D,,,Runnershantungslateblue_r2.jpg
Table Runners,Shantung,Shantung Tangerine,Tangerine,#E8792E,,,ShantungTangerine.jpg
Table Runners,Shantung,Shantung Teal,Teal,#1B7B7A,,,ShantungTeal.jpg
Table Runners,Shantung,Shantung Turquoise,Turquoise,#2FB6B0,,,ShantungTurquoise.jpg
Table Runners,Shantung,Shantung Watermelon,Watermelon,#E85B6E,,,ShantungWatermelon.jpg
Table Runners,Shantung,Shantung Wedgewood,Wedgewood,#5B7EA0,,,ShantungWedgewood.jpg
Table Runners,Shantung,Shantung White,White,#FAFAFA,,,ShantungWhite.jpg
Table Runners,Shantung,Shantung Windsor Blue,Windsor Blue,#2E5A8C,,,ShantungWindsorBlue.jpg
Table Runners,Shantung,Silver Shantung,Silver Shantung,#B6A899,,,Runnershantungsilver_r2.jpg
Table Runners,Matte Lamour,Matte Lamour Apple,Apple,#7CB342,,,MatteLamourApple.jpg
Table Runners,Matte Lamour,Matte Lamour Black,Black,#20232A,,,MatteLamourBlack.jpg
Table Runners,Matte Lamour,Matte Lamour Blossom Pink,Blossom Pink,#E8B7C4,,,MatteLamourBlossomPink.jpg
Table Runners,Matte Lamour,Matte Lamour Burgundy,Burgundy,#6B2737,,,MatteLamourBurgundy.jpg
Table Runners,Matte Lamour,Matte Lamour Camel,Camel,#C19A6B,,,MatteLamourCamel.jpg
Table Runners,Matte Lamour,Matte Lamour Citron,Citron,#9FB03A,,,MatteLamourCitron.jpg
Table Runners,Matte Lamour,Matte Lamour Copper,Copper,#B98A3E,,,MatteLamourCopper.jpg
Table Runners,Matte Lamour,Matte Lamour Dark Brown,Dark Brown,#3E2A1C,,,MatteLamourDarkBrown2.jpg
Table Runners,Matte Lamour,Matte Lamour Eggplant,Eggplant,#5B3358,,,MatteLamourEggplant.jpg
Table Runners,Matte Lamour,Matte Lamour Emerald,Emerald,#1F8B5C,,,MatteLamourEmerald.jpg
Table Runners,Matte Lamour,Matte Lamour Gold,Gold,#C9A227,,,MatteLamourGold.jpg
Table Runners,Matte Lamour,Matte Lamour Hot Pink,Hot Pink,#E23E8C,,,MatteLamourHotPink.jpg
Table Runners,Matte Lamour,Matte Lamour Hunter,Hunter,#3B5C3B,,,MatteLamourHunter.jpg
Table Runners,Matte Lamour,Matte Lamour Ivory,Ivory,#F1EEE3,,,MatteLamourIvory.jpg
Table Runners,Matte Lamour,Matte Lamour Lemon,Lemon,#F2E14C,,,LemonLamour2.jpg
Table Runners,Matte Lamour,Matte Lamour Light Pink,Light Pink,#B6A899,,,MatteLamourLightPink.jpg
Table Runners,Matte Lamour,Matte Lamour Lilac,Lilac,#C6A6D6,,,MatteLamourLilac.jpg
Table Runners,Matte Lamour,Matte Lamour Lime,Lime,#B7D14A,,,MatteLamourLime.jpg
Table Runners,Matte Lamour,Matte Lamour Navy,Navy,#1F2E4A,,,MatteLamourNavy.jpg
Table Runners,Matte Lamour,Matte Lamour Orange,Orange,#E8752E,,,MatteLamourOrange.jpg
Table Runners,Matte Lamour,Matte Lamour Palest Blue,Palest Blue,#D6E6EF,,,Runner_palestbluelamour_r.jpg
Table Runners,Matte Lamour,Matte Lamour Periwinkle,Periwinkle,#8B9DDB,,,MatteLamourPeriwinkle.jpg
Table Runners,Matte Lamour,Matte Lamour Purple,Purple,#6C4A9C,,,MatteLamourPurple.jpg
Table Runners,Matte Lamour,Matte Lamour Red,Red,#B12A2A,,,MatteLamourRed.jpg
Table Runners,Matte Lamour,Matte Lamour Royal,Royal,#2E4EA6,,,MatteLamourRoyal.jpg
Table Runners,Matte Lamour,Matte Lamour Sage,Sage,#8A9A7B,,,MatteLamourSage.jpg
Table Runners,Matte Lamour,Matte Lamour Seamist,Seamist,#8FC1B5,,,MatteLamourSeamist.jpg
Table Runners,Matte Lamour,Matte Lamour Silver,Silver,#B9BDC1,,,MatteLamourSilver.jpg
Table Runners,Matte Lamour,Matte Lamour Slate Blue,Slate Blue,#5B7A9D,,,Runner_Slatebluelamour_r.jpg
Table Runners,Matte Lamour,Matte Lamour Tiffany,Tiffany,#8ED1C4,,,MatteLamourTiffany.jpg
Table Runners,Matte Lamour,Matte Lamour Turquoise,Turquoise,#2FB6B0,,,MatteLamourTurquoise.jpg
Table Runners,Matte Lamour,Matte Lamour White,White,#FAFAFA,,,MatteLamourWhite2.jpg
Table Runners,Matte Lamour,Raspberry Matte Lamour,Raspberry Matte Lamour,#B6A899,,,Runner-RaspberryLamour.jpg
Table Runners,Serenity,Serenity Coastal,Coastal,#4E8CA0,,,Serenity-Coastalrunner2.jpg
Table Runners,Serenity,Serenity Desert Rose,Desert Rose,#C98A93,,,Serenity-DesertRoserunner2.jpg
Table Runners,Serenity,Serenity Driftwood,Driftwood,#B8A585,,,Serenity-Driftwoodrunner2.jpg
Table Runners,Serenity,Serenity Willow,Willow,#8FA07A,,,Serenity-Willowrunner2.jpg
Table Runners,Soiree,Soiree Black,Black,#20232A,,,SoireeBlack.jpg
Table Runners,Soiree,Soiree Blush,Blush,#D9AFAE,,,SoireeBlush.jpg
Table Runners,Soiree,Soiree Celery,Celery,#B7C77A,,,SoireeCelery.jpg
Table Runners,Soiree,Soiree Champagne,Champagne,#E9D9B0,,,SoireeChampagne.jpg
Table Runners,Soiree,Soiree Eggplant,Eggplant,#5B3358,,,EggplantSoiree2.jpg
Table Runners,Soiree,Soiree Gold,Gold,#C9A227,,,SoireeGold.jpg
Table Runners,Soiree,Soiree Ivory,Ivory,#F1EEE3,,,SoireeIvory.jpg
Table Runners,Soiree,Soiree Papaya,Papaya,#E8945E,,,SoireePapaya.jpg
Table Runners,Soiree,Soiree Silver,Silver,#B9BDC1,,,SoireeSilver.jpg
Table Runners,Soiree,Soiree White,White,#FAFAFA,,,WhiteSoiree_r2.jpg
Table Runners,Jute,Black Jute,Black Jute,#B6A899,,,Runner-BlackJute.jpg
Table Runners,Jute,Jute Apricot,Apricot,#B6A899,,,Jute-apricotrunner2.jpg
Table Runners,Jute,Jute Beige,Beige,#D9C7A3,,,JuteBeige.jpg
Table Runners,Jute,Jute Burlap,Burlap,#B8985E,,,JuteBurlap.jpg
Table Runners,Jute,Jute Crimson,Crimson,#8B1E2E,,,Jute-crimsonrunnerA2.jpg
Table Runners,Jute,Jute Denim,Denim,#3A5B7A,,,JuteDenim.jpg
Table Runners,Jute,Jute Dove,Dove,#C9C6C0,,,JuteDove.jpg
Table Runners,Jute,Jute English Rose,English Rose,#C77A8B,,,Jute-englishroserunner2.jpg
Table Runners,Jute,Jute Ivory,Ivory,#F1EEE3,,,JuteIvory.jpg
Table Runners,Jute,Jute Lipstick,Lipstick,#B8244F,,,JuteLipstickPink.jpg
Table Runners,Jute,Jute Peach,Peach,#F0B08A,,,JutePeach.jpg
Table Runners,Jute,Jute Plum,Plum,#6B3A5B,,,JutePlum.jpg
Table Runners,Jute,Jute Poppy,Poppy,#D6432E,,,JutePoppy.jpg
Table Runners,Jute,Jute Stone,Stone,#A8A093,,,JuteStone.jpg
Table Runners,Jute,Jute White,White,#FAFAFA,,,JuteWhite.jpg
Table Runners,Jute,Lime Jute,Lime Jute,#B6A899,,,Runner-LimeJute.jpg
Table Runners,Specialty,Apple Cabana Stripe,Apple Cabana Stripe,#B6A899,,,CabanaStripeAppleRunner.jpg
Table Runners,Specialty,Abstract Geometric,Abstract Geometric,#B6A899,,,Runner-AbstractGeometric.jpg
Table Runners,Specialty,Amalfi Hunter,Amalfi Hunter,#B6A899,,,HunterAmalfi2.jpg
Table Runners,Specialty,Amalfi Saphire,Amalfi Saphire,#B6A899,,,SaphireAmalfi2.jpg
Table Runners,Specialty,Amber Matrix,Amber Matrix,#B6A899,,,Runner_ambermatrix_r.jpg
Table Runners,Specialty,Americana,Americana,#B6A899,,,AmericanaRunner.jpg
Table Runners,Specialty,Amondine Black on Silver,Amondine Black on Silver,#B6A899,,,SpecialtyAmondineBlackonSilver.jpg
Table Runners,Specialty,Amondine Black on White,Amondine Black on White,#B6A899,,,SpecialtyAmondineBlackonWhite.jpg
Table Runners,Specialty,Apple Gingham Mini Check,Apple Gingham Mini Check,#B6A899,,,Runner_appleminiginghamcheck_r.jpg
Table Runners,Specialty,Aqua Gingham Mini Check,Aqua Gingham Mini Check,#B6A899,,,Runner_aquaminiginghamcheck_r.jpg
Table Runners,Specialty,Bark Citron,Bark Citron,#B6A899,,,SpecialtyBarkCitron.jpg
Table Runners,Specialty,Bark Midnight,Bark Midnight,#B6A899,,,SpecialtyBarkMidnight.jpg
Table Runners,Specialty,Bark Slate Blue,Bark Slate Blue,#B6A899,,,SpecialtyBarkSlateBlue.jpg
Table Runners,Specialty,Bauhaus,Bauhaus,#B6A899,,,Runner-Bauhaus.jpg
Table Runners,Specialty,Belle Rose Gold,Belle Rose Gold,#B6A899,,,BelleRoseGoldRunner.jpg
Table Runners,Specialty,Black Racing Check,Black Racing Check,#B6A899,,,SpecialtyBlackRacingCheck.jpg
Table Runners,Specialty,Blossom Plaid,Blossom Plaid,#B6A899,,,BlossomcheckA2.jpg
Table Runners,Specialty,Brushstrokes,Brushstrokes,#B6A899,,,BrushstrokesRunner.jpg
Table Runners,Specialty,Buffalo Check Red,Buffalo Check Red,#B6A899,,,BuffaloCheckRunner.jpg
Table Runners,Specialty,Buffalo Check Taupe,Buffalo Check Taupe,#B6A899,,,TaupeBuffaloCheckRunner.jpg
Table Runners,Specialty,Cairns,Cairns,#B6A899,,,CairnsRunner.jpg
Table Runners,Specialty,Calypso,Calypso,#B6A899,,,RunnerCalypso_2.jpg
Table Runners,Specialty,Cambric,Cambric,#B6A899,,,Runner-Cambric.jpg
Table Runners,Specialty,Cheetah,Cheetah,#B6A899,,,SpecialtyCheetah.jpg
Table Runners,Specialty,Chevron Lime,Chevron Lime,#B6A899,,,SpecialtyChevronLime.jpg
Table Runners,Specialty,Chevron Navy,Chevron Navy,#B6A899,,,SpecialtyChevronNavy.jpg
Table Runners,Specialty,Chevron Silver,Chevron Silver,#B6A899,,,SpecialtyChevronSilver.jpg
Table Runners,Specialty,Concentric Gold,Concentric Gold,#B6A899,,,SpecialtyConcentricGold.jpg
Table Runners,Specialty,Concentric Silver,Concentric Silver,#B6A899,,,SpecialtyConcentricSilver.jpg
Table Runners,Specialty,Concentric White,Concentric White,#B6A899,,,SpecialtyConcentricWhite.jpg
Table Runners,Specialty,Cosmopolitan,Cosmopolitan,#B6A899,,,SpecialtyCosmopolitan.jpg
Table Runners,Specialty,Dogwood,Dogwood,#B6A899,,,Dogwood2.jpg
Table Runners,Specialty,Echo Jade,Echo Jade,#B6A899,,,Echo-Jaderunner.jpg
Table Runners,Specialty,Echo Lumiere,Echo Lumiere,#B6A899,,,Echo-lumiererunner2.jpg
Table Runners,Specialty,Echo Noir,Echo Noir,#B6A899,,,Echo-Noirrunner2.jpg
Table Runners,Specialty,Echo Rouge,Echo Rouge,#B6A899,,,Echo-Rougerunner2.jpg
Table Runners,Specialty,Federal Blue Granite,Federal Blue Granite,#B6A899,,,SpecialtyFederalBlueGranite.jpg
Table Runners,Specialty,Florence,Florence,#B6A899,,,Runner-Florence.jpg
Table Runners,Specialty,Garden Floral,Garden Floral,#B6A899,,,SpecialtyGardenFloral.jpg
Table Runners,Specialty,Gatsby,Gatsby,#B6A899,,,SpecialtyGatsby.jpg
Table Runners,Specialty,Geometric Gold Foil,Geometric Gold Foil,#B6A899,,,SpecialtyGeometricFoilGold.jpg
Table Runners,Specialty,Geometric Silver Foil,Geometric Silver Foil,#B6A899,,,SpecialtyGeometricFoilSilver.jpg
Table Runners,Specialty,Giraffe,Giraffe,#B6A899,,,SpecialtyGiraffe.jpg
Table Runners,Specialty,Gold Gingham Mini Check,Gold Gingham Mini Check,#B6A899,,,Runner_goldminiginghamcheck_r.jpg
Table Runners,Specialty,Hampton Botanical Apple,Hampton Botanical Apple,#B6A899,,,HamptonBotanicalAppleRunner2.jpg
Table Runners,Specialty,Hampton Botanical Rosé,Hampton Botanical Rosé,#B6A899,,,HamptonBotanicalRos233;Runner.jpg
Table Runners,Specialty,Hampton Stripe Apple,Hampton Stripe Apple,#B6A899,,,HamptonStripeAppleRunner2.jpg
Table Runners,Specialty,Hampton Stripe Coastal,Hampton Stripe Coastal,#B6A899,,,HamptonStripeCoastalRunner.jpg
Table Runners,Specialty,Hampton Stripe Rosé,Hampton Stripe Rosé,#B6A899,,,HamptonStripeRos233;Runner.jpg
Table Runners,Specialty,Harmony Dusty Rose,Harmony Dusty Rose,#B6A899,,,SpecialtyDustyRoseHarmony.jpg
Table Runners,Specialty,Harmony English Rose,Harmony English Rose,#B6A899,,,Runner_englighroseharmony_r.jpg
Table Runners,Specialty,Harmony Ivory,Harmony Ivory,#B6A899,,,Runner_ivoryharmony_r.jpg
Table Runners,Specialty,Harmony Navy,Harmony Navy,#B6A899,,,Runner_navyharmony_r.jpg
Table Runners,Specialty,Harmony Sage,Harmony Sage,#B6A899,,,Runner-SageHarmony.jpg
Table Runners,Specialty,Harmony Sand,Harmony Sand,#B6A899,,,SpecialtySandHarmony.jpg
Table Runners,Specialty,Harmony Seamist,Harmony Seamist,#B6A899,,,SpecialtySeamistHarmony.jpg
Table Runners,Specialty,Harmony Terracotta,Harmony Terracotta,#B6A899,,,HarmonyTerracottaRunner.jpg
Table Runners,Specialty,Harmony White,Harmony White,#B6A899,,,Runner-WhiteHarmony.jpg
Table Runners,Specialty,Helena Apple,Helena Apple,#B6A899,,,GreenappleheienarunnerA.jpg
Table Runners,Specialty,Helena Blue,Helena Blue,#B6A899,,,SpecialtyHelenaBlue.jpg
Table Runners,Specialty,Helena Orange,Helena Orange,#B6A899,,,SpecialtyHelenaOrange.jpg
Table Runners,Specialty,Hemstitch White,Hemstitch White,#B6A899,,,SpecialtyHemstitch.jpg
Table Runners,Specialty,Holiday Plaid,Holiday Plaid,#B6A899,,,SpecialtyHolidayPlaid.jpg
Table Runners,Specialty,Holly,Holly,#B6A899,,,HollyrunnerA.jpg
Table Runners,Specialty,Houndstooth,Houndstooth,#B6A899,,,Runner-BlackhoundstoothCheck.jpg
Table Runners,Specialty,Ice Blue Chiffon,Ice Blue Chiffon,#B6A899,,,IceBlueChiffon.jpg
Table Runners,Specialty,Indigo Bloom,Indigo Bloom,#B6A899,,,Runnerbloomindigo_r2.jpg
Table Runners,Specialty,Josephine Lace,Josephine Lace,#B6A899,,,SpecialtyJosephineLace.jpg
Table Runners,Specialty,Juliette's Palette,Juliette's Palette,#B6A899,,,SpecialtyJuliettesPalette.jpg
Table Runners,Specialty,Kiwi Palazzo,Kiwi Palazzo,#B6A899,,,SpecialtyKiwiPalazzo.jpg
Table Runners,Specialty,Kringle,Kringle,#B6A899,,,CringlerunnerA.jpg
Table Runners,Specialty,Lace Ivory,Lace Ivory,#B6A899,,,SpecialtyLaceIvory.jpg
Table Runners,Specialty,Lace White,Lace White,#B6A899,,,SpecialtyLaceWhite.jpg
Table Runners,Specialty,Laguna,Laguna,#B6A899,,,LagunaRunner.jpg
Table Runners,Specialty,Lilac Gingham Mini Check,Lilac Gingham Mini Check,#B6A899,,,Runner_Lilacminiginghamcheck_r.jpg
Table Runners,Specialty,Lime with White Dots,Lime with White Dots,#B6A899,,,LimewithWhiteDotsRunner.jpg
Table Runners,Specialty,Lorelei,Lorelei,#B6A899,,,SpecialtyLorelei.jpg
Table Runners,Specialty,Lucia,Lucia,#B6A899,,,Runner_Lucia_r.jpg
Table Runners,Specialty,Meteorite,Meteorite,#B6A899,,,Meteorite_r2.jpg
Table Runners,Specialty,Metropolitan Concrete,Metropolitan Concrete,#B6A899,,,SpecialtyMetropolitanConcrete.jpg
Table Runners,Specialty,Metropolitan Natural,Metropolitan Natural,#B6A899,,,SpecialtyMetropolitanNatural.jpg
Table Runners,Specialty,Midas Gold Travertine,Midas Gold Travertine,#B6A899,,,Runner-MidasTravertineGold.jpg
Table Runners,Specialty,Middleton Lace,Middleton Lace,#B6A899,,,SpecialtyMiddletonLace.jpg
Table Runners,Specialty,Mirage Cloud,Mirage Cloud,#B6A899,,,Runner-MirageCloud.jpg
Table Runners,Specialty,Mirage Hazel,Mirage Hazel,#B6A899,,,Runner-MirageHazel.jpg
Table Runners,Specialty,Mirage Honey,Mirage Honey,#B6A899,,,Runner-MirageHoney.jpg
Table Runners,Specialty,Mirage Sandstone,Mirage Sandstone,#B6A899,,,Runner_sandstone_r.jpg
Table Runners,Specialty,Mirage Tide,Mirage Tide,#B6A899,,,Runner-MirageTide2.jpg
Table Runners,Specialty,Mirage Vanilla,Mirage Vanilla,#B6A899,,,Runner-MirageVanilla.jpg
Table Runners,Specialty,Missoni,Missoni,#B6A899,,,MissoniRunner.jpg
Table Runners,Specialty,Mystic,Mystic,#B6A899,,,SpecialtyMystic.jpg
Table Runners,Specialty,Nadia,Nadia,#B6A899,,,NadiaRunner.jpg
Table Runners,Specialty,Nantucket,Nantucket,#B6A899,,,RunnerNantucket_r.jpg
Table Runners,Specialty,Napa Blue,Napa Blue,#B6A899,,,SpecialtyNapaBlue.jpg
Table Runners,Specialty,Napa Orange,Napa Orange,#B6A899,,,SpecialtyNapaOrange.jpg
Table Runners,Specialty,Navy Gingham Mini Check,Navy Gingham Mini Check,#B6A899,,,Runner_Navyminiginghamcheck_r.jpg
Table Runners,Specialty,Navy Halas,Navy Halas,#B6A899,,,Runner-NavyHalas.jpg
Table Runners,Specialty,Navy Sequins,Navy Sequins,#B6A899,,,NavySequinsLaceRunner.jpg
Table Runners,Specialty,Orange Halas,Orange Halas,#B6A899,,,Runner-OrangeHelas.jpg
Table Runners,Specialty,Ornamental Silver Lace,Ornamental Silver Lace,#B6A899,,,SpecialtyOrnamentalLaceSilver.jpg
Table Runners,Specialty,Ornamental White Lace,Ornamental White Lace,#B6A899,,,SpecialtyOrnamentalLaceWhite.jpg
Table Runners,Specialty,Pamela Palms,Pamela Palms,#B6A899,,,Runner-PamelaPalms.jpg
Table Runners,Specialty,Phoebe,Phoebe,#B6A899,,,PhoebeRunner2.jpg
Table Runners,Specialty,Phoenix,Phoenix,#B6A899,,,Runner_Pheonix_r.jpg
Table Runners,Specialty,Pink Gingham Mini Check,Pink Gingham Mini Check,#B6A899,,,Runner_pinkminiginghamcheck_r.jpg
Table Runners,Specialty,Polka Dots Black with White,Polka Dots Black with White,#B6A899,,,SpecialtyBlackwithWhitePolkaDots.jpg
Table Runners,Specialty,Polka Dots Red with White,Polka Dots Red with White,#B6A899,,,SpecialtyRedwithWhitePolkaDots.jpg
Table Runners,Specialty,Polka Dots White with Black,Polka Dots White with Black,#B6A899,,,SpecialtyWhitewithBlackPolkaDots.jpg
Table Runners,Specialty,Purple Gingham,Purple Gingham,#B6A899,,,PurpleGinghamRunner.jpg
Table Runners,Specialty,Red Circle Element,Red Circle Element,#B6A899,,,SpecialtyRedCircleElement.jpg
Table Runners,Specialty,Red Gingham Mini Check,Red Gingham Mini Check,#B6A899,,,Runner_redminiginghamcheck_r.jpg
Table Runners,Specialty,Regency,Regency,#B6A899,,,SpecialtyRegency.jpg
Table Runners,Specialty,Retro Vintage,Retro Vintage,#B6A899,,,Runner-RetroVintage.jpg
Table Runners,Specialty,Romeo,Romeo,#B6A899,,,RomeoRunner.jpg
Table Runners,Specialty,Santorini,Santorini,#B6A899,,,SantoriniRunner.jpg
Table Runners,Specialty,Savannah Vintage Blossom (Limited),Savannah Vintage Blossom,#B6A899,yes,,SavannahBlossomRunner.jpg
Table Runners,Specialty,Savannah Vintage Lilac - LIMITED,Savannah Vintage Lilac,#B6A899,yes,,SavannahLilacrunner.jpg
Table Runners,Specialty,Sequins Black,Sequins Black,#B6A899,,,BlackSeqinsRunner.jpg
Table Runners,Specialty,Sequins Blush,Sequins Blush,#B6A899,,,SpecialtySequinsBlush.jpg
Table Runners,Specialty,Sequins Gold,Sequins Gold,#B6A899,,,SpecialtySequinsGold.jpg
Table Runners,Specialty,Sequins Lace Navy,Sequins Lace Navy,#B6A899,,,SpecialtySequinLaceNavy.jpg
Table Runners,Specialty,Sequins Rose Gold,Sequins Rose Gold,#B6A899,,,SpecialtySequinsRoseGold.jpg
Table Runners,Specialty,Sequins Silver,Sequins Silver,#B6A899,,,SpecialtySequinsSilver.jpg
Table Runners,Specialty,Sequins White,Sequins White,#B6A899,,,SpecialtySequinsWhite.jpg
Table Runners,Specialty,Silhouette,Silhouette,#B6A899,,,SpecialtySilhouette.jpg
Table Runners,Specialty,Snow Leopard,Snow Leopard,#B6A899,,,SpecialtySnowLeopard.jpg
Table Runners,Specialty,Sonoma Stripe Blue,Sonoma Stripe Blue,#B6A899,,,SpecialtySonomaStripeBlue.jpg
Table Runners,Specialty,Sonoma Stripe Orange,Sonoma Stripe Orange,#B6A899,,,SpecialtySonomaStripeOrange.jpg
Table Runners,Specialty,Spiro,Spiro,#B6A899,,,SpiroRunner.jpg
Table Runners,Specialty,Splash,Splash,#B6A899,,,Runner-Splash.jpg
Table Runners,Specialty,Stripe Black and White,Stripe Black and White,#B6A899,,,SpecialtyStripeBlackandWhite.jpg
Table Runners,Specialty,Stripe Navy and White,Stripe Navy and White,#B6A899,,,SpecialtyStripeNavyandWhite.jpg
Table Runners,Specialty,Stripe Red and White,Stripe Red and White,#B6A899,,,SpecialtyStripeRedandWhite.jpg
Table Runners,Specialty,Tie Dye,Tie Dye,#B6A899,,,Runner-TieDye.jpg
Table Runners,Specialty,Tiger,Tiger,#B6A899,,,SpecialtyTiger.jpg
Table Runners,Specialty,Turquoise Gingham Mini Check,Turquoise Gingham Mini Check,#B6A899,,,Runner_turquoiseminiginghamcheck_r.jpg
Table Runners,Specialty,Velvet Black,Velvet Black,#B6A899,,,RunnerJuteBlack_r2.jpg
Table Runners,Specialty,Velvet Champagne Gold,Velvet Champagne Gold,#B6A899,,,RunnerGoldVelvet_r.jpg
Table Runners,Specialty,Velvet Charcoal,Velvet Charcoal,#B6A899,,,SpecialtyVelvetCharcoal.jpg
Table Runners,Specialty,Velvet Glacier Gray,Velvet Glacier Gray,#B6A899,,,SpecialtyVelvetGlacierGray.jpg
Table Runners,Specialty,Velvet Hunter,Velvet Hunter,#B6A899,,,SpecialtyVelvetHunter.jpg
Table Runners,Specialty,Velvet Ice Pink,Velvet Ice Pink,#B6A899,,,SpecialtyVelvetIcePink.jpg
Table Runners,Specialty,Velvet Ivory,Velvet Ivory,#B6A899,,,RunnerIvoryVelvet_r.jpg
Table Runners,Specialty,Velvet Lavender,Velvet Lavender,#B6A899,,,Runner_lavendervelvet_r.jpg
Table Runners,Specialty,Velvet Loden,Velvet Loden,#B6A899,,,RunnerLodenVelvet_r.jpg
Table Runners,Specialty,Velvet Merlot,Velvet Merlot,#B6A899,,,SpecialtyVelvetMerlot.jpg
Table Runners,Specialty,Velvet Midnight Blue,Velvet Midnight Blue,#B6A899,,,SpecialtyVelvetMidnightBlue.jpg
Table Runners,Specialty,Velvet Sapphire,Velvet Sapphire,#B6A899,,,Runner_sapphirevelvet_r.jpg
Table Runners,Specialty,Velvet Spice,Velvet Spice,#B6A899,,,SpiceVelvetRunner.jpg
Table Runners,Specialty,Verve Black,Verve Black,#B6A899,,,BlackVerveRunner.jpg
Table Runners,Specialty,Verve Chocolate Truffle,Verve Chocolate Truffle,#B6A899,,,ChocolateTruffleVerveRunner.jpg
Table Runners,Specialty,Verve Gold Champagne,Verve Gold Champagne,#B6A899,,,Runner-VerveChampagneGold.jpg
Table Runners,Specialty,Verve Ivory,Verve Ivory,#B6A899,,,IvoryVerveRunner.jpg
Table Runners,Specialty,Verve Navy,Verve Navy,#B6A899,,,RunnerVervenavy_r2.jpg
Table Runners,Specialty,Verve Pearl,Verve Pearl,#B6A899,,,PearlVerveRunner.jpg
Table Runners,Specialty,Water Lily,Water Lily,#B6A899,,,WaterLilyRunner.jpg
Table Runners,Specialty,White Mink Fur,White Mink Fur,#B6A899,,,SpecialtyWhiteMinkFur.jpg
Table Runners,Specialty,Willow Gingham Mini Check,Willow Gingham Mini Check,#B6A899,,,RunnerWillowginghamminicheck_r.jpg
Table Runners,Specialty,Wren Coastal,Wren Coastal,#B6A899,,,Runner_wrencoastal_r.jpg
Table Runners,Specialty,Zebra,Zebra,#B6A899,,,SpecialtyZebra.jpg
Cuffs,Serenity,Serenity Coastal,Coastal,#4E8CA0,,,CoastalSerenityCuff.jpg
Cuffs,Serenity,Serenity Desert Rose,Desert Rose,#C98A93,,,RosewoodSerenityCuff.jpg
Cuffs,Serenity,Serenity Driftwood,Driftwood,#B8A585,,,DriftwoodSerenityCuff.jpg
Cuffs,Serenity,Serenity Willow,Willow,#8FA07A,,,CuffSerenityWillow_r.jpg
Cuffs,Soiree,Soiree Black,Black,#20232A,,,SoireeBlack.jpg
Cuffs,Soiree,Soiree Blush,Blush,#D9AFAE,,,SoireeBlush.jpg
Cuffs,Soiree,Soiree Celery,Celery,#B7C77A,,,SoireeCelery.jpg
Cuffs,Soiree,Soiree Champagne,Champagne,#E9D9B0,,,SoireeChampagne.jpg
Cuffs,Soiree,Soiree Eggplant,Eggplant,#5B3358,,,SoireeEggplant.jpg
Cuffs,Soiree,Soiree Gold,Gold,#C9A227,,,SoireeGold.jpg
Cuffs,Soiree,Soiree Ivory,Ivory,#F1EEE3,,,SoireeIvory.jpg
Cuffs,Soiree,Soiree Papaya,Papaya,#E8945E,,,SoireePapaya.jpg
Cuffs,Soiree,Soiree Silver,Silver,#B9BDC1,,,SoireeSilver.jpg
Cuffs,Soiree,Soiree White,White,#FAFAFA,,,SoireeWhite.jpg
Cuffs,Jute,Jute Apricot,Apricot,#B6A899,,,ApricotJuteCuff.jpg
Cuffs,Jute,Jute Beige,Beige,#D9C7A3,,,JuteBeige.jpg
Cuffs,Jute,Jute Black,Black,#20232A,,,BlackJuteCuff.jpg
Cuffs,Jute,Jute Burlap,Burlap,#B8985E,,,JuteBurlap.jpg
Cuffs,Jute,Jute Crimson,Crimson,#8B1E2E,,,CrimsonJuteCuff.jpg
Cuffs,Jute,Jute Denim,Denim,#3A5B7A,,,JuteDenim.jpg
Cuffs,Jute,Jute Dove,Dove,#C9C6C0,,,JuteDove.jpg
Cuffs,Jute,Jute English Rose,English Rose,#C77A8B,,,EnglishRoseJutecuff.jpg
Cuffs,Jute,Jute Ivory,Ivory,#F1EEE3,,,JuteIvory.jpg
Cuffs,Jute,Jute Lime,Lime,#B7D14A,,,JuteLime.jpg
Cuffs,Jute,Jute Lipstick,Lipstick,#B8244F,,,JuteLipstickPink.jpg
Cuffs,Jute,Jute Peach,Peach,#F0B08A,,,JutePeach.jpg
Cuffs,Jute,Jute Plum,Plum,#6B3A5B,,,JutePlum.jpg
Cuffs,Jute,Jute Poppy,Poppy,#D6432E,,,JutePoppy.jpg
Cuffs,Jute,Jute Stone,Stone,#A8A093,,,JuteStone.jpg
Cuffs,Jute,Jute White,White,#FAFAFA,,,JuteWhite.jpg
Cuffs,Jute,Peach Jute,Peach Jute,#B6A899,,,Cuff-PeachJute.jpg
Cuffs,Specialty,Abstract Geometric,Abstract Geometric,#B6A899,,,SpecialtyAbstractGeometric.jpg
Cuffs,Specialty,Amalfi Hunter,Amalfi Hunter,#B6A899,,,SpecialtyHunterAmalfi.jpg
Cuffs,Specialty,Amalfi Saphire,Amalfi Saphire,#B6A899,,,SpecialtySaphireAmalfi.jpg
Cuffs,Specialty,Amber Matrix,Amber Matrix,#B6A899,,,Cuff_Ambermatrix_r.jpg
Cuffs,Specialty,Americana,Americana,#B6A899,,,SpecialtyAmericana.jpg
Cuffs,Specialty,Apple Cabana Stripe,Apple Cabana Stripe,#B6A899,,,SpecialtyAppleCabanaStripe.jpg
Cuffs,Specialty,Apple Gingham Mini Check,Apple Gingham Mini Check,#B6A899,,,Cuff_appleminiginghamcheck_r.jpg
Cuffs,Specialty,Aqua Gingham Mini Check,Aqua Gingham Mini Check,#B6A899,,,Cuff_aquaminiginghamcheck_r.jpg
Cuffs,Specialty,Aurora Ivory,Aurora Ivory,#B6A899,,,AuroraIvoryCuff.jpg
Cuffs,Specialty,Aurora White,Aurora White,#B6A899,,,AuroraWhiteCuff.jpg
Cuffs,Specialty,Bahaus,Bahaus,#B6A899,,,BahausCuff.jpg
Cuffs,Specialty,Bandana,Bandana,#B6A899,,,SpecialtyBandana.jpg
Cuffs,Specialty,Bark Citron,Bark Citron,#B6A899,,,SpecialtyBarkCitron.jpg
Cuffs,Specialty,Bark Midnight,Bark Midnight,#B6A899,,,SpecialtyBarkMidnight.jpg
Cuffs,Specialty,Bark Slate Blue,Bark Slate Blue,#B6A899,,,SpecialtyBarkSlateBlue.jpg
Cuffs,Specialty,Bauhaus,Bauhaus,#B6A899,,,Cuff-Bauhaus.jpg
Cuffs,Specialty,Black Racing Check,Black Racing Check,#B6A899,,,SpecialtyBlackRacingCheck.jpg
Cuffs,Specialty,Blossom Plaid,Blossom Plaid,#B6A899,,,BlossomPlaidcuff.jpg
Cuffs,Specialty,Brushstrokes,Brushstrokes,#B6A899,,,SpecialtyBrushstrokes.jpg
Cuffs,Specialty,Buffalo Check Red,Buffalo Check Red,#B6A899,,,SpecialtyBuffaloCheckRed.jpg
Cuffs,Specialty,Buffalo Check Taupe,Buffalo Check Taupe,#B6A899,,,TaupeBuffaloCheckCuff.jpg
Cuffs,Specialty,Burnt Orange Matrix,Burnt Orange Matrix,#B6A899,,,Cuff-BurntOrangeMatrix.jpg
Cuffs,Specialty,Cairns,Cairns,#B6A899,,,CairnsCuff.jpg
Cuffs,Specialty,Cairns Reverse,Cairns,#B6A899,,yes,CairnsReverseCuff.jpg
Cuffs,Specialty,Calypso,Calypso,#B6A899,,,CalypsocuffsA.jpg
Cuffs,Specialty,Cambric,Cambric,#B6A899,,,CambricBlushCuff.jpg
Cuffs,Specialty,Cheetah,Cheetah,#B6A899,,,CheetahCuff.jpg
Cuffs,Specialty,Concentric Gold,Concentric Gold,#B6A899,,,SpecialtyConcentricGold.jpg
Cuffs,Specialty,Concentric Silver,Concentric Silver,#B6A899,,,SpecialtyConcentricSilver.jpg
Cuffs,Specialty,Concentric White,Concentric White,#B6A899,,,SpecialtyConcentricWhite.jpg
Cuffs,Specialty,Cosmopolitan,Cosmopolitan,#B6A899,,,SpecialtyCosmopolitan.jpg
Cuffs,Specialty,Dogwood,Dogwood,#B6A899,,,SpecialtyDogwood.jpg
Cuffs,Specialty,Federal Blue Granite,Federal Blue Granite,#B6A899,,,SpecialtyFederalBlueGranite.jpg
Cuffs,Specialty,Federal Blue Granite Reversed,Federal Blue Granite,#B6A899,,yes,SpecialtyFederalBlueGraniteReversed.jpg
Cuffs,Specialty,Florence,Florence,#B6A899,,,Cuff-Florence.jpg
Cuffs,Specialty,Garden Floral,Garden Floral,#B6A899,,,GardenFloralCuff.jpg
Cuffs,Specialty,Gatsby,Gatsby,#B6A899,,,GatsbyCuff.jpg
Cuffs,Specialty,Gatsby Reversed,Gatsby,#B6A899,,yes,GatsbyReveredCuff.jpg
Cuffs,Specialty,Gold Gingham Mini Check,Gold Gingham Mini Check,#B6A899,,,Cuff_goldminiginghamcheck_r.jpg
Cuffs,Specialty,Hampton Botanical Apple,Hampton Botanical Apple,#B6A899,,,HamptonBotanicalAppleCuff2.jpg
Cuffs,Specialty,Hampton Botanical Rosé,Hampton Botanical Rosé,#B6A899,,,HamptonBotanicalRos233;Cuff.jpg
Cuffs,Specialty,Hampton Stripe Apple,Hampton Stripe Apple,#B6A899,,,HamptonStripeAppleCuff.jpg
Cuffs,Specialty,Hampton Stripe Coastal,Hampton Stripe Coastal,#B6A899,,,HamptonStripeCoastalCuff2.jpg
Cuffs,Specialty,Hampton Stripe Rosé,Hampton Stripe Rosé,#B6A899,,,HamptonStripeRos233;Cuff.jpg
Cuffs,Specialty,Helena Apple,Helena Apple,#B6A899,,,HelenaAppleCuff.jpg
Cuffs,Specialty,Helena Blue,Helena Blue,#B6A899,,,SpecialtyHelenaBlue.jpg
Cuffs,Specialty,Helena Orange,Helena Orange,#B6A899,,,SpecialtyHelenaOrange.jpg
Cuffs,Specialty,Hex,Hex,#B6A899,,,SpecialtyHex.jpg
Cuffs,Specialty,Holiday Plaid,Holiday Plaid,#B6A899,,,SpecialtyHolidayPlaid.jpg
Cuffs,Specialty,Holly,Holly,#B6A899,,,HollyCuff.jpg
Cuffs,Specialty,Indigo Bloom,Indigo Bloom,#B6A899,,,Cuff-IndigoBloom.jpg
Cuffs,Specialty,Juliette's Palette,Juliette's Palette,#B6A899,,,SpecialtyJuliettesPalette.jpg
Cuffs,Specialty,Key West,Key West,#B6A899,,,Cuff-KeyWest.jpg
Cuffs,Specialty,Kiwi Palazzo,Kiwi Palazzo,#B6A899,,,KiwiPalazzoCuff.jpg
Cuffs,Specialty,Kringle,Kringle,#B6A899,,,KringleCuff.jpg
Cuffs,Specialty,Laguna,Laguna,#B6A899,,,SpecialtyLaguna.jpg
Cuffs,Specialty,Lilac Gingham Mini Check,Lilac Gingham Mini Check,#B6A899,,,Cuff_lilacminiginghamcheck_r.jpg
Cuffs,Specialty,Lily,Lily,#B6A899,,,SpecialtyLily.jpg
Cuffs,Specialty,Lime Chevron,Lime Chevron,#B6A899,,,Cuff-LimeChevron.jpg
Cuffs,Specialty,Lorelei,Lorelei,#B6A899,,,LoreleiCuff.jpg
Cuffs,Specialty,Lucia,Lucia,#B6A899,,,Cuff_Lucia_r.jpg
Cuffs,Specialty,Metropolitan Concrete,Metropolitan Concrete,#B6A899,,,SpecialtyMetropolitanConcrete.jpg
Cuffs,Specialty,Metropolitan Natural,Metropolitan Natural,#B6A899,,,SpecialtyMetropolitanNatural.jpg
Cuffs,Specialty,Midas Travertine,Midas Travertine,#B6A899,,,SpecialtyMidasTravertine.jpg
Cuffs,Specialty,Mirage Cloud,Mirage Cloud,#B6A899,,,Cuff-MirageCloud.jpg
Cuffs,Specialty,Mirage Hazel,Mirage Hazel,#B6A899,,,Cuff-MirageHazel.jpg
Cuffs,Specialty,Mirage Honey,Mirage Honey,#B6A899,,,Cuff-MirageHoney.jpg
Cuffs,Specialty,Mirage Sandstone,Mirage Sandstone,#B6A899,,,Cuff_sandstone_r.jpg
Cuffs,Specialty,Mirage Tide,Mirage Tide,#B6A899,,,Cuff-MirageTide.jpg
Cuffs,Specialty,Mirage Vanilla,Mirage Vanilla,#B6A899,,,Cuff-MirageVanilla.jpg
Cuffs,Specialty,Nadia,Nadia,#B6A899,,,SpecialtyNadia.jpg
Cuffs,Specialty,Nantucket,Nantucket,#B6A899,,,CuffNantucket_r.jpg
Cuffs,Specialty,Napa Blue,Napa Blue,#B6A899,,,SpecialtyNapaBlue.jpg
Cuffs,Specialty,Napa Orange,Napa Orange,#B6A899,,,SpecialtyNapaOrange.jpg
Cuffs,Specialty,Navy Chevron,Navy Chevron,#B6A899,,,Cuff-NavyChevron.jpg
Cuffs,Specialty,Navy Gingham Mini Check,Navy Gingham Mini Check,#B6A899,,,Cuff_navyminiginghamcheck_r.jpg
Cuffs,Specialty,Navy Verve,Navy Verve,#B6A899,,,Cuff-VerveNavy.jpg
Cuffs,Specialty,Navy White Stripe,Navy White Stripe,#B6A899,,,Cuff-NavyWhiteSripe.jpg
Cuffs,Specialty,Pamela Palms,Pamela Palms,#B6A899,,,Cuff-PamelaPalms.jpg
Cuffs,Specialty,Patchwork,Patchwork,#B6A899,,,PatchworkCuff.jpg
Cuffs,Specialty,Phoebe,Phoebe,#B6A899,,,PhoebeCuff.jpg
Cuffs,Specialty,Phoenix,Phoenix,#B6A899,,,Cuff_Phoenix_r.jpg
Cuffs,Specialty,Pink Gingham Mini Check,Pink Gingham Mini Check,#B6A899,,,Cuff_pinkminiginghamcheck_r.jpg
Cuffs,Specialty,Polka Dots Black with White,Polka Dots Black with White,#B6A899,,,SpecialtyBlackwithWhitePolkaDots.jpg
Cuffs,Specialty,Polka Dots Lime with White,Polka Dots Lime with White,#B6A899,,,SpecialtyLimewithWhitePolkaDots.jpg
Cuffs,Specialty,Polka Dots Red with White,Polka Dots Red with White,#B6A899,,,SpecialtyRedwithWhitePolkaDots.jpg
Cuffs,Specialty,Purple Gingham,Purple Gingham,#B6A899,,,SpecialtyPurpleGingham.jpg
Cuffs,Specialty,Red Gingham Mini Check,Red Gingham Mini Check,#B6A899,,,Cuff_redminiginghamcheck_r.jpg
Cuffs,Specialty,Red White Stripe,Red White Stripe,#B6A899,,,Cuff-RedWhiteStripe.jpg
Cuffs,Specialty,Regency,Regency,#B6A899,,,SpecialtyRegency.jpg
Cuffs,Specialty,Retro Vintage,Retro Vintage,#B6A899,,,SpecialtyRetroVintage.jpg
Cuffs,Specialty,Romeo,Romeo,#B6A899,,,SpecialtyRomeo.jpg
Cuffs,Specialty,Santorini,Santorini,#B6A899,,,SpecialtySantorini.jpg
Cuffs,Specialty,Santorini Reverse,Santorini,#B6A899,,yes,SpecialtySantoriniReversed.jpg
Cuffs,Specialty,Savannah Vintage Blossom (Limited),Savannah Vintage Blossom,#B6A899,yes,,SpecialtySavannahBlossom.jpg
Cuffs,Specialty,Savannah Vintage Lilac - LIMITED,Savannah Vintage Lilac,#B6A899,yes,,SpecialtySavannahLilac.jpg
Cuffs,Specialty,Seamist Prism,Seamist Prism,#B6A899,,,Cuff-SeamistPrism.jpg
Cuffs,Specialty,Sequins Black,Sequins Black,#B6A899,,,BlackSequinsCuff.jpg
Cuffs,Specialty,Sequins Blush,Sequins Blush,#B6A899,,,SpecialtySequinsBlush.jpg
Cuffs,Specialty,Sequins Gold,Sequins Gold,#B6A899,,,SpecialtySequinsGold.jpg
Cuffs,Specialty,Sequins Rose Gold,Sequins Rose Gold,#B6A899,,,SpecialtySequinsRoseGold.jpg
Cuffs,Specialty,Sequins Silver,Sequins Silver,#B6A899,,,SpecialtySequinsSilver.jpg
Cuffs,Specialty,Sequins White,Sequins White,#B6A899,,,SpecialtySequinsWhite.jpg
Cuffs,Specialty,Silhouette,Silhouette,#B6A899,,,Cuff-Silhouette.jpg
Cuffs,Specialty,Silver Chevron,Silver Chevron,#B6A899,,,Cuff-SilverChevron.jpg
Cuffs,Specialty,Snow Leopard,Snow Leopard,#B6A899,,,SnpwLeopardcuff.jpg
Cuffs,Specialty,Sonoma Stripe Blue,Sonoma Stripe Blue,#B6A899,,,SpecialtySonomaStripeBlue.jpg
Cuffs,Specialty,Sonoma Stripe Orange,Sonoma Stripe Orange,#B6A899,,,SpecialtySonomaStripeOrange.jpg
Cuffs,Specialty,Spiro,Spiro,#B6A899,,,SpecialtySpiro.jpg
Cuffs,Specialty,Splash,Splash,#B6A899,,,Cuff-Splash.jpg
Cuffs,Specialty,Tiger,Tiger,#B6A899,,,TigerCuff.jpg
Cuffs,Specialty,Turquoise Gingham Mini Check,Turquoise Gingham Mini Check,#B6A899,,,Cuff_turquoiseminiginghamcheck_r.jpg
Cuffs,Specialty,Velvet Black,Velvet Black,#B6A899,,,SpecialtyVelvetBlack.jpg
Cuffs,Specialty,Velvet Champagne Gold,Velvet Champagne Gold,#B6A899,,,CuffGoldVelvet_r.jpg
Cuffs,Specialty,Velvet Charcoal,Velvet Charcoal,#B6A899,,,SpecialtyVelvetCharcoal.jpg
Cuffs,Specialty,Velvet Glacier Gray,Velvet Glacier Gray,#B6A899,,,SpecialtyVelvetGlacierGray.jpg
Cuffs,Specialty,Velvet Hunter,Velvet Hunter,#B6A899,,,SpecialtyVelvetHunter.jpg
Cuffs,Specialty,Velvet Ice Pink,Velvet Ice Pink,#B6A899,,,SpecialtyVelvetIcePink.jpg
Cuffs,Specialty,Velvet Ivory,Velvet Ivory,#B6A899,,,CuffIvoryVelvet_r.jpg
Cuffs,Specialty,Velvet Lavender,Velvet Lavender,#B6A899,,,Cuff_Lavendervelvet_r.jpg
Cuffs,Specialty,Velvet Loden,Velvet Loden,#B6A899,,,CuffLodenVelvet_r.jpg
Cuffs,Specialty,Velvet Merlot,Velvet Merlot,#B6A899,,,SpecialtyVelvetMerlot.jpg
Cuffs,Specialty,Velvet Midnight Blue,Velvet Midnight Blue,#B6A899,,,SpecialtyVelvetMidnightBlue.jpg
Cuffs,Specialty,Velvet Sapphire,Velvet Sapphire,#B6A899,,,Cuff_sapphirevelvet_r.jpg
Cuffs,Specialty,Velvet Spice,Velvet Spice,#B6A899,,,SpiceVelvetCuff.jpg
Cuffs,Specialty,Verve Black,Verve Black,#B6A899,,,BlackVerveCuff.jpg
Cuffs,Specialty,Verve Champagne Gold,Verve Champagne Gold,#B6A899,,,ChampagneGoldVerveCuff.jpg
Cuffs,Specialty,Verve Chocolate Truffle,Verve Chocolate Truffle,#B6A899,,,ChocolateTruffleVerveCuff.jpg
Cuffs,Specialty,Verve Ivory,Verve Ivory,#B6A899,,,IvoryVerveCuff.jpg
Cuffs,Specialty,Verve Pearl,Verve Pearl,#B6A899,,,PearlVerveCuff.jpg
Cuffs,Specialty,Water Lily,Water Lily,#B6A899,,,WaterLilyCuff.jpg
Cuffs,Specialty,White with Black Dot,White with Black Dot,#B6A899,,,WhitewithBlackDotCuff.jpg
Cuffs,Specialty,Willow Gingham Mini Check,Willow Gingham Mini Check,#B6A899,,,CuffWillowginghamminicheck_r.jpg
Cuffs,Specialty,Woodland,Woodland,#B6A899,,,SpecialtyWoodland.jpg
Cuffs,Specialty,Woodland Reversed,Woodland,#B6A899,,yes,SpecialtyWoodlandReversed.jpg
Cuffs,Specialty,Wren Coastal,Wren Coastal,#B6A899,,,Cuff_Wrencoastal_r.jpg
Cuffs,Specialty,Zebra,Zebra,#B6A899,,,ZebraCuff.jpg
Spandex,Banquets,Banquets,Banquets,#B6A899,,,Banquets6'Banquet.jpg
Spandex,Banquets,Banquets,Banquets,#B6A899,,,Banquets8'Banquet.jpg
Spandex,High Boys,High Boys,High Boys,#B6A899,,,HighBoysWhite.jpg
Spandex,Rounds,Rounds,Rounds,#B6A899,,,Rounds60InchRound.jpg
Chair Covers,Classic Solid,Classic Solid Black,Black,#20232A,,,ClassicSolidBlack.jpg
Chair Covers,Classic Solid,Classic Solid Ivory,Ivory,#F1EEE3,,,ClassicSolidIvory.jpg
Chair Covers,Classic Solid,Classic Solid White,White,#FAFAFA,,,ClassicSolidWhite.jpg
Chair Covers,Matte Lamour,Matte Lamour Black,Black,#20232A,,,MatteLamourBlack.jpg
Chair Covers,Matte Lamour,Matte Lamour Camel,Camel,#C19A6B,,,MatteLamourCamel.jpg
Chair Covers,Matte Lamour,Matte Lamour Ivory,Ivory,#F1EEE3,,,MatteLamourIvory.jpg
Chair Covers,Matte Lamour,Matte Lamour White,White,#FAFAFA,,,MatteLamourWhite.jpg
